date,ticker,negative,neutral,positive
2020-01-02,AAPL,0.0,0.25,0.75
2020-01-02,DIS,0.0,1.0,0.0
2020-01-02,HD,1.0,0.0,0.0
2020-01-02,TSLA,1.0,0.0,0.0
2020-01-03,AAPL,0.16666666666666666,0.3333333333333333,0.5
2020-01-03,AMZN,0.0,0.0,1.0
2020-01-03,GOOGL,0.0,0.0,1.0
2020-01-03,NVDA,0.0,1.0,0.0
2020-01-03,TSLA,0.3333333333333333,0.0,0.6666666666666666
2020-01-06,AAPL,0.0,0.0,1.0
2020-01-06,AMZN,1.0,0.0,0.0
2020-01-06,NFLX,1.0,0.0,0.0
2020-01-06,TSLA,0.25,0.25,0.5
2020-01-07,AAPL,0.0,0.0,1.0
2020-01-07,AMZN,0.0,0.0,1.0
2020-01-07,BA,0.0,0.0,1.0
2020-01-07,DIS,1.0,0.0,0.0
2020-01-07,FB,0.5,0.0,0.5
2020-01-07,NVDA,0.0,0.0,1.0
2020-01-07,PYPL,0.0,1.0,0.0
2020-01-07,TSLA,0.1875,0.25,0.5625
2020-01-07,WMT,1.0,0.0,0.0
2020-01-08,AAPL,0.5,0.0,0.5
2020-01-08,BA,1.0,0.0,0.0
2020-01-08,BABA,0.0,1.0,0.0
2020-01-08,DIS,0.5,0.0,0.5
2020-01-08,TSLA,0.2222222222222222,0.05555555555555555,0.7222222222222222
2020-01-08,TSM,0.0,0.0,1.0
2020-01-09,AAPL,0.0,0.25,0.75
2020-01-09,AMZN,0.0,0.0,1.0
2020-01-09,DIS,0.0,0.5,0.5
2020-01-09,FB,0.5,0.0,0.5
2020-01-09,SBUX,0.0,0.5,0.5
2020-01-09,TSLA,0.07692307692307693,0.23076923076923078,0.6923076923076923
2020-01-09,V,0.0,0.0,1.0
2020-01-10,AAPL,0.0,0.25,0.75
2020-01-10,AMZN,1.0,0.0,0.0
2020-01-10,BA,0.16666666666666666,0.16666666666666666,0.6666666666666666
2020-01-10,BABA,0.0,0.5,0.5
2020-01-10,DIS,0.0,1.0,0.0
2020-01-10,NFLX,0.0,0.0,1.0
2020-01-10,NVDA,0.0,0.0,1.0
2020-01-10,TSLA,0.21428571428571427,0.14285714285714285,0.6428571428571429
2020-01-13,AAPL,0.0,0.25,0.75
2020-01-13,BABA,0.0,0.0,1.0
2020-01-13,BAC,1.0,0.0,0.0
2020-01-13,TSLA,0.2222222222222222,0.1111111111111111,0.6666666666666666
2020-01-13,TSM,1.0,0.0,0.0
2020-01-14,AAPL,0.0,0.25,0.75
2020-01-14,AMZN,0.0,0.0,1.0
2020-01-14,BA,0.0,0.0,1.0
2020-01-14,BABA,0.0,0.5,0.5
2020-01-14,DIS,0.3333333333333333,0.3333333333333333,0.3333333333333333
2020-01-14,TSLA,0.14285714285714285,0.2857142857142857,0.5714285714285714
2020-01-14,TSM,0.0,0.0,1.0
2020-01-14,UNH,0.0,0.0,1.0
2020-01-14,XOM,0.0,1.0,0.0
2020-01-15,AAPL,0.0,0.14285714285714285,0.8571428571428571
2020-01-15,BA,0.0,1.0,0.0
2020-01-15,BAC,0.0,1.0,0.0
2020-01-15,DIS,1.0,0.0,0.0
2020-01-15,SBUX,0.0,0.0,1.0
2020-01-15,TSLA,0.07692307692307693,0.15384615384615385,0.7692307692307693
2020-01-16,AAPL,0.0,0.5,0.5
2020-01-16,AMZN,0.0,0.0,1.0
2020-01-16,BA,0.0,0.0,1.0
2020-01-16,DIS,0.0,0.0,1.0
2020-01-16,MSFT,0.0,1.0,0.0
2020-01-16,TSLA,0.21052631578947367,0.3157894736842105,0.47368421052631576
2020-01-16,V,1.0,0.0,0.0
2020-01-17,AAPL,0.3333333333333333,0.0,0.6666666666666666
2020-01-17,BA,0.0,0.4,0.6
2020-01-17,DIS,0.2,0.2,0.6
2020-01-17,GOOGL,0.0,0.0,1.0
2020-01-17,MSFT,0.0,1.0,0.0
2020-01-17,TSLA,0.3076923076923077,0.3076923076923077,0.38461538461538464
2020-01-17,V,0.0,0.0,1.0
2020-01-21,AAPL,0.0,0.0,1.0
2020-01-21,AMZN,0.0,0.5,0.5
2020-01-21,BA,0.25,0.0,0.75
2020-01-21,TSLA,0.3333333333333333,0.6666666666666666,0.0
2020-01-22,BA,0.16666666666666666,0.3333333333333333,0.5
2020-01-22,GOOG,0.0,0.0,1.0
2020-01-22,MSFT,0.0,0.0,1.0
2020-01-22,NFLX,0.0,0.3333333333333333,0.6666666666666666
2020-01-22,TSLA,0.1875,0.125,0.6875
2020-01-23,AAPL,0.0,0.6666666666666666,0.3333333333333333
2020-01-23,BA,0.4,0.2,0.4
2020-01-23,BABA,0.0,1.0,0.0
2020-01-23,MSFT,0.0,1.0,0.0
2020-01-23,NFLX,0.0,0.0,1.0
2020-01-23,TSLA,0.125,0.5,0.375
2020-01-23,V,0.0,0.5,0.5
2020-01-24,AAPL,0.0,1.0,0.0
2020-01-24,AMZN,0.0,0.0,1.0
2020-01-24,BABA,1.0,0.0,0.0
2020-01-24,DIS,0.0,0.0,1.0
2020-01-24,NFLX,0.0,0.0,1.0
2020-01-24,SBUX,0.0,0.0,1.0
2020-01-24,TSLA,0.14285714285714285,0.42857142857142855,0.42857142857142855
2020-01-27,AAPL,0.4,0.0,0.6
2020-01-27,BA,0.0,0.0,1.0
2020-01-27,FB,1.0,0.0,0.0
2020-01-27,TSLA,0.0,0.0,1.0
2020-01-28,AAPL,0.23076923076923078,0.23076923076923078,0.5384615384615384
2020-01-28,BA,0.0,0.0,1.0
2020-01-28,BABA,0.0,0.0,1.0
2020-01-28,PFE,0.0,1.0,0.0
2020-01-28,SBUX,0.5,0.5,0.0
2020-01-28,TSLA,0.2857142857142857,0.2857142857142857,0.42857142857142855
2020-01-29,AAPL,0.0,0.42857142857142855,0.5714285714285714
2020-01-29,AMZN,0.0,0.0,1.0
2020-01-29,BA,0.36363636363636365,0.0,0.6363636363636364
2020-01-29,BABA,0.0,0.0,1.0
2020-01-29,CVX,0.0,1.0,0.0
2020-01-29,FB,0.0,0.0,1.0
2020-01-29,MSFT,0.2,0.2,0.6
2020-01-29,TSLA,0.1111111111111111,0.2222222222222222,0.6666666666666666
2020-01-29,V,1.0,0.0,0.0
2020-01-30,AAPL,0.0,0.0,1.0
2020-01-30,AMZN,0.0,0.17647058823529413,0.8235294117647058
2020-01-30,BA,1.0,0.0,0.0
2020-01-30,BABA,1.0,0.0,0.0
2020-01-30,DIS,0.25,0.5,0.25
2020-01-30,FB,0.0,0.0,1.0
2020-01-30,MSFT,0.16666666666666666,0.16666666666666666,0.6666666666666666
2020-01-30,PYPL,0.0,0.0,1.0
2020-01-30,SBUX,0.0,0.0,1.0
2020-01-30,TSLA,0.058823529411764705,0.11764705882352941,0.8235294117647058
2020-01-30,V,0.0,0.0,1.0
2020-01-31,AAPL,0.16666666666666666,0.3333333333333333,0.5
2020-01-31,AMZN,0.1111111111111111,0.2222222222222222,0.6666666666666666
2020-01-31,BABA,1.0,0.0,0.0
2020-01-31,DIS,0.0,1.0,0.0
2020-01-31,FB,0.3333333333333333,0.0,0.6666666666666666
2020-01-31,JPM,0.0,0.0,1.0
2020-01-31,MCD,0.0,1.0,0.0
2020-01-31,MSFT,0.0,0.5,0.5
2020-01-31,NFLX,1.0,0.0,0.0
2020-01-31,TSLA,0.1,0.3,0.6
2020-01-31,V,0.0,0.0,1.0
2020-01-31,XOM,0.0,0.0,1.0
2020-02-03,AAPL,0.0,0.0,1.0
2020-02-03,DIS,0.0,0.0,1.0
2020-02-03,GOOG,0.0,0.0,1.0
2020-02-03,GOOGL,0.0,0.0,1.0
2020-02-03,NKE,0.0,1.0,0.0
2020-02-03,TSLA,0.06666666666666667,0.2,0.7333333333333333
2020-02-04,AAPL,0.0,0.0,1.0
2020-02-04,AMZN,0.5,0.5,0.0
2020-02-04,DIS,0.1111111111111111,0.16666666666666666,0.7222222222222222
2020-02-04,MSFT,0.0,1.0,0.0
2020-02-04,NFLX,0.0,0.5,0.5
2020-02-04,PYPL,0.0,1.0,0.0
2020-02-04,TSLA,0.15217391304347827,0.15217391304347827,0.6956521739130435
2020-02-04,V,0.0,1.0,0.0
2020-02-05,AAPL,0.0,0.0,1.0
2020-02-05,AMZN,0.25,0.0,0.75
2020-02-05,BA,0.0,0.0,1.0
2020-02-05,DIS,0.1111111111111111,0.3333333333333333,0.5555555555555556
2020-02-05,FB,0.0,1.0,0.0
2020-02-05,MSFT,0.2,0.4,0.4
2020-02-05,NFLX,0.0,0.0,1.0
2020-02-05,TSLA,0.1956521739130435,0.17391304347826086,0.6304347826086957
2020-02-06,AAPL,0.5,0.0,0.5
2020-02-06,AMZN,0.0,0.75,0.25
2020-02-06,BA,0.0,0.0,1.0
2020-02-06,BKNG,1.0,0.0,0.0
2020-02-06,TSLA,0.20754716981132076,0.18867924528301888,0.6037735849056604
2020-02-07,AAPL,0.3333333333333333,0.3333333333333333,0.3333333333333333
2020-02-07,AMZN,0.0,1.0,0.0
2020-02-07,BA,0.5,0.5,0.0
2020-02-07,CCL,0.0,0.0,1.0
2020-02-07,DIS,0.3333333333333333,0.0,0.6666666666666666
2020-02-07,MSFT,0.0,0.0,1.0
2020-02-07,TSLA,0.3157894736842105,0.21052631578947367,0.47368421052631576
2020-02-10,AAPL,0.6666666666666666,0.0,0.3333333333333333
2020-02-10,AMZN,0.0,0.0,1.0
2020-02-10,BA,0.0,0.0,1.0
2020-02-10,MSFT,0.0,0.0,1.0
2020-02-10,NVDA,0.0,0.0,1.0
2020-02-10,TSLA,0.0,0.0,1.0
2020-02-10,TSM,0.0,0.0,1.0
2020-02-11,AAPL,1.0,0.0,0.0
2020-02-11,AMZN,0.0,0.0,1.0
2020-02-11,BA,0.5,0.0,0.5
2020-02-11,DIS,0.0,0.0,1.0
2020-02-11,FB,0.25,0.5,0.25
2020-02-11,MCD,0.0,0.0,1.0
2020-02-11,MSFT,0.25,0.25,0.5
2020-02-11,NVDA,0.0,0.0,1.0
2020-02-11,TSLA,0.0,0.625,0.375
2020-02-11,TSM,0.0,0.0,1.0
2020-02-12,AAPL,0.0,0.0,1.0
2020-02-12,AMZN,0.0,1.0,0.0
2020-02-12,BA,1.0,0.0,0.0
2020-02-12,BABA,0.0,0.5,0.5
2020-02-12,DIS,1.0,0.0,0.0
2020-02-12,FB,0.0,0.0,1.0
2020-02-12,TSLA,0.25,0.125,0.625
2020-02-13,BA,0.0,0.5,0.5
2020-02-13,BABA,0.0,0.5,0.5
2020-02-13,MSFT,0.2,0.0,0.8
2020-02-13,NFLX,0.0,1.0,0.0
2020-02-13,NVDA,0.0,0.0,1.0
2020-02-13,SBUX,0.0,0.0,1.0
2020-02-13,TSLA,0.1111111111111111,0.24444444444444444,0.6444444444444445
2020-02-14,AAPL,0.0,0.0,1.0
2020-02-14,AMZN,0.5,0.5,0.0
2020-02-14,CCL,1.0,0.0,0.0
2020-02-14,DIS,0.0,0.5,0.5
2020-02-14,FB,0.0,0.0,1.0
2020-02-14,MSFT,0.0,0.0,1.0
2020-02-14,NFLX,1.0,0.0,0.0
2020-02-14,NVDA,0.0,0.0,1.0
2020-02-14,TSLA,0.2222222222222222,0.1111111111111111,0.6666666666666666
2020-02-14,WMT,0.0,1.0,0.0
2020-02-18,AAPL,0.2857142857142857,0.2857142857142857,0.42857142857142855
2020-02-18,BABA,0.5,0.0,0.5
2020-02-18,MSFT,0.0,0.0,1.0
2020-02-18,TSLA,0.0,0.0,1.0
2020-02-19,AAPL,0.0,0.0,1.0
2020-02-19,AMZN,0.0,0.0,1.0
2020-02-19,BABA,0.0,0.0,1.0
2020-02-19,MSFT,0.0,0.0,1.0
2020-02-19,NFLX,0.5,0.5,0.0
2020-02-19,NVDA,0.5,0.0,0.5
2020-02-19,TSLA,0.16666666666666666,0.2777777777777778,0.5555555555555556
2020-02-20,AAPL,0.3333333333333333,0.0,0.6666666666666666
2020-02-20,AMZN,0.0,0.0,1.0
2020-02-20,DIS,0.0,0.5,0.5
2020-02-20,FB,1.0,0.0,0.0
2020-02-20,MSFT,0.0,1.0,0.0
2020-02-20,NVDA,0.0,0.0,1.0
2020-02-20,TSLA,0.1,0.2,0.7
2020-02-20,V,0.0,0.0,1.0
2020-02-20,XOM,0.0,0.0,1.0
2020-02-21,AAPL,0.42857142857142855,0.0,0.5714285714285714
2020-02-21,AMZN,0.3333333333333333,0.6666666666666666,0.0
2020-02-21,DIS,0.0,0.0,1.0
2020-02-21,MSFT,0.0,0.0,1.0
2020-02-21,NKE,0.0,1.0,0.0
2020-02-21,TSLA,0.26666666666666666,0.3333333333333333,0.4
2020-02-24,AAPL,0.16666666666666666,0.0,0.8333333333333334
2020-02-24,MSFT,0.0,1.0,0.0
2020-02-24,NVDA,1.0,0.0,0.0
2020-02-24,TSLA,0.45454545454545453,0.2727272727272727,0.2727272727272727
2020-02-25,AAPL,0.5,0.3333333333333333,0.16666666666666666
2020-02-25,BABA,0.0,0.0,1.0
2020-02-25,CCL,1.0,0.0,0.0
2020-02-25,DIS,0.25,0.125,0.625
2020-02-25,GOOG,1.0,0.0,0.0
2020-02-25,MSFT,0.0,1.0,0.0
2020-02-25,PYPL,1.0,0.0,0.0
2020-02-25,TSLA,0.23076923076923078,0.19230769230769232,0.5769230769230769
2020-02-25,UNH,0.0,0.0,1.0
2020-02-26,AAPL,0.3333333333333333,0.3333333333333333,0.3333333333333333
2020-02-26,BKNG,1.0,0.0,0.0
2020-02-26,BRK.B,1.0,0.0,0.0
2020-02-26,CCL,0.3333333333333333,0.3333333333333333,0.3333333333333333
2020-02-26,DIS,0.5,0.5,0.0
2020-02-26,FB,1.0,0.0,0.0
2020-02-26,MCD,1.0,0.0,0.0
2020-02-26,MSFT,0.5,0.0,0.5
2020-02-26,NFLX,1.0,0.0,0.0
2020-02-26,NVDA,0.0,0.0,1.0
2020-02-26,TSLA,0.125,0.20833333333333334,0.6666666666666666
2020-02-26,XOM,0.0,0.0,1.0
2020-02-27,AAPL,0.0,0.0,1.0
2020-02-27,AMZN,1.0,0.0,0.0
2020-02-27,BA,0.0,0.0,1.0
2020-02-27,BAC,1.0,0.0,0.0
2020-02-27,CCL,0.5,0.0,0.5
2020-02-27,DIS,0.5,0.0,0.5
2020-02-27,MSFT,0.0,0.0,1.0
2020-02-27,NFLX,0.0,0.6666666666666666,0.3333333333333333
2020-02-27,NVDA,1.0,0.0,0.0
2020-02-27,TSLA,0.16279069767441862,0.18604651162790697,0.6511627906976745
2020-02-28,AAPL,0.2857142857142857,0.0,0.7142857142857143
2020-02-28,AMZN,1.0,0.0,0.0
2020-02-28,BA,0.5,0.0,0.5
2020-02-28,BABA,1.0,0.0,0.0
2020-02-28,BKNG,0.0,0.0,1.0
2020-02-28,DIS,0.2,0.2,0.6
2020-02-28,GOOG,1.0,0.0,0.0
2020-02-28,JNJ,0.0,0.0,1.0
2020-02-28,MCD,0.0,0.0,1.0
2020-02-28,MSFT,0.0,0.0,1.0
2020-02-28,NFLX,0.0,0.0,1.0
2020-02-28,NVDA,0.5,0.0,0.5
2020-02-28,TSLA,0.3170731707317073,0.1951219512195122,0.4878048780487805
2020-02-28,V,0.0,0.0,1.0
2020-02-28,XOM,0.0,0.0,1.0
2020-03-02,AAPL,0.07407407407407407,0.2962962962962963,0.6296296296296297
2020-03-02,AMZN,0.5,0.0,0.5
2020-03-02,BABA,0.0,0.0,1.0
2020-03-02,DIS,0.0,0.0,1.0
2020-03-02,HD,0.0,0.0,1.0
2020-03-02,MSFT,0.16666666666666666,0.16666666666666666,0.6666666666666666
2020-03-02,TSLA,0.05263157894736842,0.21052631578947367,0.7368421052631579
2020-03-02,V,0.6666666666666666,0.0,0.3333333333333333
2020-03-03,AAPL,0.25,0.3333333333333333,0.4166666666666667
2020-03-03,AMZN,0.4,0.2,0.4
2020-03-03,BABA,1.0,0.0,0.0
2020-03-03,BAC,0.0,1.0,0.0
2020-03-03,DIS,0.0,0.0,1.0
2020-03-03,GOOG,1.0,0.0,0.0
2020-03-03,GOOGL,1.0,0.0,0.0
2020-03-03,MA,0.0,1.0,0.0
2020-03-03,MSFT,0.0,0.5,0.5
2020-03-03,NVDA,0.0,1.0,0.0
2020-03-03,SBUX,0.0,0.0,1.0
2020-03-03,TSLA,0.1,0.275,0.625
2020-03-03,V,1.0,0.0,0.0
2020-03-03,XOM,0.0,0.0,1.0
2020-03-04,AAPL,0.125,0.0,0.875
2020-03-04,AMZN,0.5,0.0,0.5
2020-03-04,BA,0.0,1.0,0.0
2020-03-04,BABA,0.0,1.0,0.0
2020-03-04,CCL,0.0,1.0,0.0
2020-03-04,DIS,0.5,0.0,0.5
2020-03-04,FB,0.0,0.0,1.0
2020-03-04,MSFT,0.0,0.0,1.0
2020-03-04,NVDA,0.0,0.5,0.5
2020-03-04,TSLA,0.1875,0.1875,0.625
2020-03-04,UNH,0.0,0.0,1.0
2020-03-04,V,0.0,1.0,0.0
2020-03-05,AAPL,0.2222222222222222,0.3333333333333333,0.4444444444444444
2020-03-05,AMZN,0.0,0.5,0.5
2020-03-05,BA,0.2,0.4,0.4
2020-03-05,BABA,0.0,1.0,0.0
2020-03-05,BAC,0.0,0.5,0.5
2020-03-05,CCL,0.0,0.0,1.0
2020-03-05,DIS,0.0,1.0,0.0
2020-03-05,FB,0.25,0.5,0.25
2020-03-05,GOOG,0.0,0.0,1.0
2020-03-05,MA,0.0,0.0,1.0
2020-03-05,MSFT,0.0,0.5,0.5
2020-03-05,NFLX,0.0,0.0,1.0
2020-03-05,NVDA,0.0,0.0,1.0
2020-03-05,TSLA,0.2,0.4666666666666667,0.3333333333333333
2020-03-05,V,0.0,1.0,0.0
2020-03-06,AAPL,0.14285714285714285,0.14285714285714285,0.7142857142857143
2020-03-06,AMZN,0.6666666666666666,0.0,0.3333333333333333
2020-03-06,BA,0.0,1.0,0.0
2020-03-06,BABA,0.6666666666666666,0.3333333333333333,0.0
2020-03-06,BAC,1.0,0.0,0.0
2020-03-06,CCL,0.0,0.5,0.5
2020-03-06,DIS,0.3,0.1,0.6
2020-03-06,GOOG,1.0,0.0,0.0
2020-03-06,JNJ,1.0,0.0,0.0
2020-03-06,JPM,0.5,0.0,0.5
2020-03-06,TSLA,0.14285714285714285,0.19047619047619047,0.6666666666666666
2020-03-09,AAPL,0.14285714285714285,0.0,0.8571428571428571
2020-03-09,BAC,1.0,0.0,0.0
2020-03-09,MSFT,1.0,0.0,0.0
2020-03-09,SBUX,0.0,0.0,1.0
2020-03-09,TSLA,0.0,0.2,0.8
2020-03-10,AAPL,0.42857142857142855,0.14285714285714285,0.42857142857142855
2020-03-10,AMZN,0.8333333333333334,0.0,0.16666666666666666
2020-03-10,BA,0.0,1.0,0.0
2020-03-10,BABA,0.3333333333333333,0.3333333333333333,0.3333333333333333
2020-03-10,BAC,0.0,0.0,1.0
2020-03-10,CCL,0.375,0.25,0.375
2020-03-10,DIS,0.16666666666666666,0.16666666666666666,0.6666666666666666
2020-03-10,GOOG,1.0,0.0,0.0
2020-03-10,MSFT,0.0,0.0,1.0
2020-03-10,TSLA,0.0,0.5454545454545454,0.45454545454545453
2020-03-10,V,0.0,0.0,1.0
2020-03-11,AAPL,0.2,0.2,0.6
2020-03-11,AMZN,0.0,0.3333333333333333,0.6666666666666666
2020-03-11,BA,0.2857142857142857,0.2857142857142857,0.42857142857142855
2020-03-11,BABA,0.0,0.0,1.0
2020-03-11,BAC,1.0,0.0,0.0
2020-03-11,FB,0.0,0.0,1.0
2020-03-11,MSFT,0.0,0.0,1.0
2020-03-11,NFLX,0.6666666666666666,0.3333333333333333,0.0
2020-03-11,TSLA,0.16666666666666666,0.3333333333333333,0.5
2020-03-11,V,0.6666666666666666,0.3333333333333333,0.0
2020-03-11,WMT,0.0,1.0,0.0
2020-03-11,XOM,0.0,0.0,1.0
2020-03-12,AAPL,0.2857142857142857,0.2857142857142857,0.42857142857142855
2020-03-12,AMZN,0.3333333333333333,0.3333333333333333,0.3333333333333333
2020-03-12,BA,0.125,0.125,0.75
2020-03-12,CCL,0.3,0.1,0.6
2020-03-12,DIS,0.25,0.25,0.5
2020-03-12,GOOG,0.0,1.0,0.0
2020-03-12,HD,0.0,0.0,1.0
2020-03-12,NFLX,1.0,0.0,0.0
2020-03-12,TSLA,0.4,0.13333333333333333,0.4666666666666667
2020-03-13,AAPL,0.2857142857142857,0.2857142857142857,0.42857142857142855
2020-03-13,AMZN,0.2,0.6,0.2
2020-03-13,BA,0.5,0.0,0.5
2020-03-13,BABA,0.5,0.0,0.5
2020-03-13,CCL,0.0,0.7142857142857143,0.2857142857142857
2020-03-13,DIS,0.2608695652173913,0.13043478260869565,0.6086956521739131
2020-03-13,GOOG,1.0,0.0,0.0
2020-03-13,HD,0.5,0.0,0.5
2020-03-13,JPM,1.0,0.0,0.0
2020-03-13,MCD,0.0,0.0,1.0
2020-03-13,MSFT,0.0,0.5,0.5
2020-03-13,NVDA,0.0,0.0,1.0
2020-03-13,SBUX,0.0,0.0,1.0
2020-03-13,TSLA,0.25,0.2,0.55
2020-03-16,AAPL,0.2857142857142857,0.35714285714285715,0.35714285714285715
2020-03-16,BA,0.0,0.0,1.0
2020-03-16,DIS,0.3333333333333333,0.0,0.6666666666666666
2020-03-16,MSFT,0.0,0.0,1.0
2020-03-16,NKE,0.0,0.0,1.0
2020-03-16,TSLA,0.25,0.0,0.75
2020-03-17,AAPL,0.2,0.2,0.6
2020-03-17,AMZN,0.0,0.4,0.6
2020-03-17,BA,0.5555555555555556,0.1111111111111111,0.3333333333333333
2020-03-17,CCL,0.0,1.0,0.0
2020-03-17,DIS,0.2857142857142857,0.2857142857142857,0.42857142857142855
2020-03-17,HD,0.0,0.0,1.0
2020-03-17,MA,0.0,0.0,1.0
2020-03-17,MSFT,0.3333333333333333,0.0,0.6666666666666666
2020-03-17,NFLX,0.0,0.0,1.0
2020-03-17,SBUX,0.0,0.0,1.0
2020-03-17,TSLA,0.22857142857142856,0.08571428571428572,0.6857142857142857
2020-03-18,AAPL,0.3333333333333333,0.1111111111111111,0.5555555555555556
2020-03-18,AMT,0.0,0.0,1.0
2020-03-18,AMZN,0.0,0.2,0.8
2020-03-18,BA,0.5714285714285714,0.21428571428571427,0.21428571428571427
2020-03-18,BABA,0.0,1.0,0.0
2020-03-18,CCL,0.0,0.5,0.5
2020-03-18,DIS,0.2,0.2,0.6
2020-03-18,FB,0.0,0.0,1.0
2020-03-18,GOOGL,0.0,0.0,1.0
2020-03-18,MCD,0.0,1.0,0.0
2020-03-18,MSFT,0.0,0.0,1.0
2020-03-18,NFLX,1.0,0.0,0.0
2020-03-18,NVDA,0.0,0.0,1.0
2020-03-18,PYPL,0.0,0.0,1.0
2020-03-18,TSLA,0.325,0.2,0.475
2020-03-18,UNH,1.0,0.0,0.0
2020-03-18,V,0.0,0.0,1.0
2020-03-19,AAPL,0.2,0.4,0.4
2020-03-19,AMZN,0.0,0.25,0.75
2020-03-19,BA,0.25,0.0,0.75
2020-03-19,BABA,0.0,0.0,1.0
2020-03-19,BAC,0.0,0.0,1.0
2020-03-19,CCL,0.0,1.0,0.0
2020-03-19,DIS,0.4444444444444444,0.0,0.5555555555555556
2020-03-19,FB,1.0,0.0,0.0
2020-03-19,MSFT,0.6666666666666666,0.0,0.3333333333333333
2020-03-19,NKE,0.0,0.0,1.0
2020-03-19,NVDA,1.0,0.0,0.0
2020-03-19,TSLA,0.29545454545454547,0.1590909090909091,0.5454545454545454
2020-03-20,AAPL,0.6,0.0,0.4
2020-03-20,AMZN,0.3333333333333333,0.6666666666666666,0.0
2020-03-20,BA,0.0,0.0,1.0
2020-03-20,BAC,0.0,1.0,0.0
2020-03-20,CCL,0.0,0.2,0.8
2020-03-20,DIS,0.3333333333333333,0.0,0.6666666666666666
2020-03-20,HD,0.0,1.0,0.0
2020-03-20,LOW,0.0,0.0,1.0
2020-03-20,MSFT,0.0,0.0,1.0
2020-03-20,NFLX,0.0,1.0,0.0
2020-03-20,TSLA,0.22580645161290322,0.1935483870967742,0.5806451612903226
2020-03-20,WMT,0.0,0.0,1.0
2020-03-23,AAPL,0.0,0.0,1.0
2020-03-23,AMZN,0.0,0.0,1.0
2020-03-23,BA,0.0,0.6666666666666666,0.3333333333333333
2020-03-23,FB,0.0,0.0,1.0
2020-03-23,NFLX,0.0,0.0,1.0
2020-03-23,TSLA,0.0,0.16666666666666666,0.8333333333333334
2020-03-24,AAPL,0.0,0.0,1.0
2020-03-24,AMZN,0.2,0.2,0.6
2020-03-24,BA,0.15151515151515152,0.2727272727272727,0.5757575757575758
2020-03-24,BABA,1.0,0.0,0.0
2020-03-24,BRK.B,0.0,0.0,1.0
2020-03-24,CCL,0.0,0.0,1.0
2020-03-24,DIS,0.3333333333333333,0.0,0.6666666666666666
2020-03-24,FB,1.0,0.0,0.0
2020-03-24,HD,0.5,0.0,0.5
2020-03-24,MSFT,1.0,0.0,0.0
2020-03-24,NFLX,0.0,1.0,0.0
2020-03-24,NKE,0.0,0.0,1.0
2020-03-24,NVDA,0.5,0.0,0.5
2020-03-24,TSLA,0.1724137931034483,0.2413793103448276,0.5862068965517241
2020-03-25,AAPL,0.25,0.5,0.25
2020-03-25,AMZN,0.0,0.0,1.0
2020-03-25,BA,0.17073170731707318,0.24390243902439024,0.5853658536585366
2020-03-25,BABA,0.0,0.0,1.0
2020-03-25,BAC,0.0,0.8,0.2
2020-03-25,CCL,0.16666666666666666,0.5,0.3333333333333333
2020-03-25,DIS,0.4,0.0,0.6
2020-03-25,FB,0.5,0.5,0.0
2020-03-25,GOOGL,1.0,0.0,0.0
2020-03-25,HD,0.0,0.0,1.0
2020-03-25,KO,0.0,0.0,1.0
2020-03-25,MA,0.0,0.0,1.0
2020-03-25,MSFT,0.0,1.0,0.0
2020-03-25,NKE,0.0,0.0,1.0
2020-03-25,NVDA,0.0,0.3333333333333333,0.6666666666666666
2020-03-25,PYPL,0.0,1.0,0.0
2020-03-25,TSLA,0.2608695652173913,0.2608695652173913,0.4782608695652174
2020-03-25,V,1.0,0.0,0.0
2020-03-26,AAPL,0.125,0.25,0.625
2020-03-26,AMZN,0.0,0.5,0.5
2020-03-26,BA,0.11764705882352941,0.20588235294117646,0.6764705882352942
2020-03-26,BABA,0.0,1.0,0.0
2020-03-26,BAC,0.0,0.5,0.5
2020-03-26,CCL,0.5,0.25,0.25
2020-03-26,DIS,0.3333333333333333,0.3333333333333333,0.3333333333333333
2020-03-26,FB,0.3333333333333333,0.0,0.6666666666666666
2020-03-26,GOOGL,1.0,0.0,0.0
2020-03-26,HD,1.0,0.0,0.0
2020-03-26,MCD,0.0,0.0,1.0
2020-03-26,MSFT,0.0,0.0,1.0
2020-03-26,NKE,0.0,0.0,1.0
2020-03-26,NVDA,1.0,0.0,0.0
2020-03-26,SBUX,0.0,0.0,1.0
2020-03-26,TSLA,0.125,0.3125,0.5625
2020-03-26,WMT,0.0,1.0,0.0
2020-03-27,AAPL,0.16666666666666666,0.16666666666666666,0.6666666666666666
2020-03-27,AMZN,0.5,0.0,0.5
2020-03-27,BA,0.23809523809523808,0.09523809523809523,0.6666666666666666
2020-03-27,BABA,0.0,0.0,1.0
2020-03-27,BRK.B,0.0,0.0,1.0
2020-03-27,CCL,0.0,0.25,0.75
2020-03-27,DIS,0.0,0.3333333333333333,0.6666666666666666
2020-03-27,FB,0.0,0.5,0.5
2020-03-27,GOOG,0.0,0.0,1.0
2020-03-27,JNJ,1.0,0.0,0.0
2020-03-27,MA,0.0,0.0,1.0
2020-03-27,MSFT,0.0,0.0,1.0
2020-03-27,NFLX,0.0,0.6666666666666666,0.3333333333333333
2020-03-27,NVDA,0.0,0.0,1.0
2020-03-27,TSLA,0.21428571428571427,0.21428571428571427,0.5714285714285714
2020-03-27,WMT,0.0,0.25,0.75
2020-03-30,AAPL,0.16666666666666666,0.16666666666666666,0.6666666666666666
2020-03-30,BA,0.0,0.0,1.0
2020-03-30,JNJ,1.0,0.0,0.0
2020-03-30,NFLX,1.0,0.0,0.0
2020-03-30,NVDA,0.0,1.0,0.0
2020-03-30,SBUX,0.0,0.0,1.0
2020-03-30,TSLA,0.5,0.0,0.5
2020-03-31,AAPL,0.3333333333333333,0.3333333333333333,0.3333333333333333
2020-03-31,AMZN,0.0,0.0,1.0
2020-03-31,BA,0.1111111111111111,0.4444444444444444,0.4444444444444444
2020-03-31,BABA,0.5,0.0,0.5
2020-03-31,BAC,0.0,0.5,0.5
2020-03-31,BKNG,0.0,0.0,1.0
2020-03-31,CCL,0.3333333333333333,0.1111111111111111,0.5555555555555556
2020-03-31,DIS,0.2,0.0,0.8
2020-03-31,JNJ,0.0,0.0,1.0
2020-03-31,MSFT,0.0,0.3333333333333333,0.6666666666666666
2020-03-31,NFLX,0.0,0.0,1.0
2020-03-31,NVDA,0.0,0.0,1.0
2020-03-31,PYPL,0.0,1.0,0.0
2020-03-31,SBUX,0.0,0.0,1.0
2020-03-31,TSLA,0.2727272727272727,0.36363636363636365,0.36363636363636365
2020-03-31,UPS,0.0,1.0,0.0
2020-03-31,WMT,0.0,0.0,1.0
2020-03-31,XOM,0.5,0.0,0.5
2020-04-01,AAPL,0.6666666666666666,0.0,0.3333333333333333
2020-04-01,BA,0.0,0.3333333333333333,0.6666666666666666
2020-04-01,CCL,0.0,0.3333333333333333,0.6666666666666666
2020-04-01,DIS,0.25,0.5,0.25
2020-04-01,MSFT,0.0,0.5,0.5
2020-04-01,NVDA,0.0,1.0,0.0
2020-04-01,TSLA,0.5,0.5,0.0
2020-04-02,AAPL,0.25,0.5,0.25
2020-04-02,BA,0.25,0.25,0.5
2020-04-02,CCL,0.6666666666666666,0.0,0.3333333333333333
2020-04-02,DIS,0.4,0.2,0.4
2020-04-02,MSFT,0.5,0.5,0.0
2020-04-02,NFLX,0.0,0.0,1.0
2020-04-02,NVDA,1.0,0.0,0.0
2020-04-02,SBUX,0.0,0.5,0.5
2020-04-02,TSLA,0.21428571428571427,0.17857142857142858,0.6071428571428571
2020-04-02,XOM,0.0,0.0,1.0
2020-04-03,AAPL,0.0,1.0,0.0
2020-04-03,BA,0.0,0.3333333333333333,0.6666666666666666
2020-04-03,CCL,0.5,0.0,0.5
2020-04-03,DIS,0.0,0.0,1.0
2020-04-03,FB,0.0,0.0,1.0
2020-04-03,NVDA,1.0,0.0,0.0
2020-04-03,SBUX,0.0,0.0,1.0
2020-04-03,TSLA,0.28,0.2,0.52
2020-04-03,WMT,0.0,0.0,1.0
2020-04-06,AAPL,0.0,0.0,1.0
2020-04-06,BA,0.0,0.0,1.0
2020-04-06,MCD,0.0,0.0,1.0
2020-04-06,TSLA,0.0,0.0,1.0
2020-04-07,AAPL,0.4,0.4,0.2
2020-04-07,BA,0.3333333333333333,0.0,0.6666666666666666
2020-04-07,CCL,0.25,0.25,0.5
2020-04-07,DIS,0.0,1.0,0.0
2020-04-07,NVDA,0.0,0.0,1.0
2020-04-07,TSLA,0.5,0.0,0.5
2020-04-07,XOM,0.0,0.0,1.0
2020-04-08,AAPL,0.3333333333333333,0.3333333333333333,0.3333333333333333
2020-04-08,BA,0.2857142857142857,0.0,0.7142857142857143
2020-04-08,CCL,0.0,0.5,0.5
2020-04-08,DIS,0.0,0.0,1.0
2020-04-08,FB,0.0,0.0,1.0
2020-04-08,GOOGL,0.0,0.0,1.0
2020-04-08,MCD,0.0,0.0,1.0
2020-04-08,TSLA,0.0,0.16666666666666666,0.8333333333333334
2020-04-09,AAPL,0.0,0.5,0.5
2020-04-09,BA,0.0,0.0,1.0
2020-04-09,CCL,0.0,1.0,0.0
2020-04-09,DIS,0.2857142857142857,0.14285714285714285,0.5714285714285714
2020-04-09,JPM,1.0,0.0,0.0
2020-04-09,KO,0.0,0.0,1.0
2020-04-09,MSFT,0.0,0.0,1.0
2020-04-09,NFLX,0.5,0.0,0.5
2020-04-09,PFE,0.0,1.0,0.0
2020-04-09,TSLA,0.4,0.2,0.4
2020-04-13,AAPL,0.0,0.5,0.5
2020-04-13,AMZN,0.0,0.0,1.0
2020-04-13,DIS,0.0,1.0,0.0
2020-04-13,NFLX,0.0,0.0,1.0
2020-04-13,TSLA,0.2,0.2,0.6
2020-04-14,AAPL,0.0,0.0,1.0
2020-04-14,AMZN,0.0,0.5,0.5
2020-04-14,BA,0.3333333333333333,0.16666666666666666,0.5
2020-04-14,BAC,0.5,0.0,0.5
2020-04-14,CCL,0.25,0.25,0.5
2020-04-14,DIS,0.0,1.0,0.0
2020-04-14,FB,0.0,0.0,1.0
2020-04-14,JPM,0.25,0.25,0.5
2020-04-14,MSFT,0.0,0.0,1.0
2020-04-14,NFLX,0.5,0.5,0.0
2020-04-14,TSLA,0.3,0.0,0.7
2020-04-15,AAPL,0.0,0.0,1.0
2020-04-15,AMZN,0.0,1.0,0.0
2020-04-15,BA,0.0,0.2222222222222222,0.7777777777777778
2020-04-15,BAC,0.14285714285714285,0.0,0.8571428571428571
2020-04-15,CCL,0.0,0.0,1.0
2020-04-15,GOOGL,0.0,0.0,1.0
2020-04-15,JPM,0.0,1.0,0.0
2020-04-15,NFLX,0.0,0.0,1.0
2020-04-15,TSLA,0.375,0.25,0.375
2020-04-16,AAPL,0.0,0.75,0.25
2020-04-16,AMZN,0.0,0.0,1.0
2020-04-16,BA,0.16666666666666666,0.5,0.3333333333333333
2020-04-16,BAC,0.6666666666666666,0.3333333333333333,0.0
2020-04-16,CCL,0.0,0.0,1.0
2020-04-16,DIS,0.0,0.0,1.0
2020-04-16,MSFT,0.0,0.0,1.0
2020-04-16,NFLX,0.0,0.0,1.0
2020-04-16,NKE,0.0,1.0,0.0
2020-04-16,SBUX,1.0,0.0,0.0
2020-04-16,TSLA,0.07692307692307693,0.3076923076923077,0.6153846153846154
2020-04-16,V,0.0,0.0,1.0
2020-04-16,WMT,0.0,0.0,1.0
2020-04-17,AAPL,0.0,0.0,1.0
2020-04-17,AMZN,0.0,0.5,0.5
2020-04-17,BA,0.2,0.0,0.8
2020-04-17,BABA,0.0,0.0,1.0
2020-04-17,BAC,0.25,0.0,0.75
2020-04-17,DIS,0.0,0.0,1.0
2020-04-17,FB,1.0,0.0,0.0
2020-04-17,MSFT,1.0,0.0,0.0
2020-04-17,NFLX,0.3333333333333333,0.3333333333333333,0.3333333333333333
2020-04-17,TSLA,0.0,0.4,0.6
2020-04-20,AAPL,0.0,1.0,0.0
2020-04-20,CCL,0.0,0.0,1.0
2020-04-20,NFLX,0.0,0.0,1.0
2020-04-20,TSLA,0.0,0.3333333333333333,0.6666666666666666
2020-04-20,XOM,0.0,0.0,1.0
2020-04-21,AAPL,0.2,0.2,0.6
2020-04-21,AMZN,0.0,0.0,1.0
2020-04-21,BA,0.125,0.0,0.875
2020-04-21,DIS,0.0,0.3333333333333333,0.6666666666666666
2020-04-21,FB,0.5,0.0,0.5
2020-04-21,MSFT,0.3333333333333333,0.6666666666666666,0.0
2020-04-21,NFLX,0.3076923076923077,0.07692307692307693,0.6153846153846154
2020-04-21,TSLA,0.2857142857142857,0.19047619047619047,0.5238095238095238
2020-04-21,V,0.0,0.0,1.0
2020-04-21,XOM,0.3333333333333333,0.0,0.6666666666666666
2020-04-22,AAPL,1.0,0.0,0.0
2020-04-22,AMZN,0.0,0.0,1.0
2020-04-22,BA,1.0,0.0,0.0
2020-04-22,BAC,1.0,0.0,0.0
2020-04-22,DIS,0.0,1.0,0.0
2020-04-22,FB,0.0,0.0,1.0
2020-04-22,JPM,0.0,1.0,0.0
2020-04-22,NFLX,0.16666666666666666,0.16666666666666666,0.6666666666666666
2020-04-22,SBUX,0.0,0.0,1.0
2020-04-22,TSLA,0.0,0.0,1.0
2020-04-22,XOM,0.0,0.0,1.0
2020-04-23,BA,0.5,0.5,0.0
2020-04-23,BABA,0.0,0.0,1.0
2020-04-23,CCL,0.0,0.0,1.0
2020-04-23,NFLX,0.0,0.0,1.0
2020-04-23,NVDA,1.0,0.0,0.0
2020-04-23,TSLA,0.5,0.5,0.0
2020-04-24,AAPL,0.0,0.0,1.0
2020-04-24,AMZN,0.0,0.0,1.0
2020-04-24,BA,0.5,0.25,0.25
2020-04-24,CCL,0.0,0.0,1.0
2020-04-24,DIS,1.0,0.0,0.0
2020-04-24,FB,0.0,0.0,1.0
2020-04-24,PYPL,0.0,0.0,1.0
2020-04-24,TSLA,0.2857142857142857,0.0,0.7142857142857143
2020-04-27,DIS,1.0,0.0,0.0
2020-04-27,MSFT,0.0,0.0,1.0
2020-04-27,PFE,1.0,0.0,0.0
2020-04-27,TSLA,0.2,0.6,0.2
2020-04-28,AMZN,0.0,0.0,1.0
2020-04-28,BA,0.1111111111111111,0.1111111111111111,0.7777777777777778
2020-04-28,CCL,1.0,0.0,0.0
2020-04-28,DIS,0.0,0.5,0.5
2020-04-28,FB,0.0,0.0,1.0
2020-04-28,GOOG,0.5,0.0,0.5
2020-04-28,GOOGL,0.5,0.0,0.5
2020-04-28,MSFT,0.6666666666666666,0.3333333333333333,0.0
2020-04-28,NFLX,0.25,0.25,0.5
2020-04-28,NVDA,0.0,1.0,0.0
2020-04-28,PG,1.0,0.0,0.0
2020-04-28,TSLA,0.0,0.6666666666666666,0.3333333333333333
2020-04-28,UPS,0.0,0.0,1.0
2020-04-29,AAPL,0.0,1.0,0.0
2020-04-29,AMZN,0.5,0.0,0.5
2020-04-29,BA,0.1111111111111111,0.2222222222222222,0.6666666666666666
2020-04-29,BABA,0.0,0.0,1.0
2020-04-29,CCL,0.5,0.0,0.5
2020-04-29,DIS,0.0,0.2,0.8
2020-04-29,FB,0.375,0.125,0.5
2020-04-29,KO,1.0,0.0,0.0
2020-04-29,MSFT,0.0,0.3333333333333333,0.6666666666666666
2020-04-29,NFLX,0.0,0.3333333333333333,0.6666666666666666
2020-04-29,PG,1.0,0.0,0.0
2020-04-29,SBUX,0.0,0.0,1.0
2020-04-29,TSLA,0.1891891891891892,0.1891891891891892,0.6216216216216216
2020-04-30,AAPL,0.2,0.0,0.8
2020-04-30,AMZN,0.16666666666666666,0.16666666666666666,0.6666666666666666
2020-04-30,BA,0.75,0.0,0.25
2020-04-30,BABA,1.0,0.0,0.0
2020-04-30,CCL,0.0,0.0,1.0
2020-04-30,DIS,1.0,0.0,0.0
2020-04-30,FB,0.0,0.3333333333333333,0.6666666666666666
2020-04-30,MSFT,0.5714285714285714,0.2857142857142857,0.14285714285714285
2020-04-30,NFLX,0.0,0.0,1.0
2020-04-30,NVDA,0.0,1.0,0.0
2020-04-30,PFE,0.0,0.0,1.0
2020-04-30,TSLA,0.14285714285714285,0.21428571428571427,0.6428571428571429
2020-05-01,AAPL,0.0,0.0,1.0
2020-05-01,AMZN,0.3333333333333333,0.16666666666666666,0.5
2020-05-01,BA,0.0,0.0,1.0
2020-05-01,BABA,0.0,1.0,0.0
2020-05-01,CCL,0.3333333333333333,0.3333333333333333,0.3333333333333333
2020-05-01,DIS,0.6666666666666666,0.0,0.3333333333333333
2020-05-01,MSFT,1.0,0.0,0.0
2020-05-01,TSLA,0.16161616161616163,0.12121212121212122,0.7171717171717171
2020-05-01,XOM,0.5,0.0,0.5
2020-05-04,BA,0.0,0.0,1.0
2020-05-04,CCL,0.0,0.0,1.0
2020-05-04,TSLA,0.0,0.0,1.0
2020-05-05,AAPL,0.0,1.0,0.0
2020-05-05,AMZN,0.0,0.0,1.0
2020-05-05,BA,0.125,0.125,0.75
2020-05-05,CCL,0.0,0.3333333333333333,0.6666666666666666
2020-05-05,DIS,0.2222222222222222,0.2222222222222222,0.5555555555555556
2020-05-05,FB,0.0,0.0,1.0
2020-05-05,MSFT,1.0,0.0,0.0
2020-05-05,NFLX,0.0,0.0,1.0
2020-05-05,NVDA,0.0,1.0,0.0
2020-05-05,PYPL,0.0,0.0,1.0
2020-05-05,TSLA,0.42857142857142855,0.14285714285714285,0.42857142857142855
2020-05-05,WMT,0.0,0.0,1.0
2020-05-06,AAPL,1.0,0.0,0.0
2020-05-06,AMZN,0.0,1.0,0.0
2020-05-06,BA,0.23076923076923078,0.23076923076923078,0.5384615384615384
2020-05-06,BABA,0.0,0.5,0.5
2020-05-06,BRK.B,0.0,0.0,1.0
2020-05-06,CCL,0.0,0.0,1.0
2020-05-06,DIS,0.13333333333333333,0.2,0.6666666666666666
2020-05-06,FB,0.0,0.0,1.0
2020-05-06,TSLA,0.2,0.2,0.6
2020-05-06,WMT,0.0,1.0,0.0
2020-05-07,AAPL,1.0,0.0,0.0
2020-05-07,BA,0.0,0.0,1.0
2020-05-07,BABA,0.25,0.5,0.25
2020-05-07,CCL,0.0,0.0,1.0
2020-05-07,DIS,0.375,0.125,0.5
2020-05-07,HD,0.0,1.0,0.0
2020-05-07,NFLX,0.0,0.0,1.0
2020-05-07,PFE,0.0,0.0,1.0
2020-05-07,PG,0.0,0.0,1.0
2020-05-07,PYPL,0.0,0.25,0.75
2020-05-07,SBUX,0.0,1.0,0.0
2020-05-07,TSLA,0.5,0.0,0.5
2020-05-08,AAPL,0.0,0.0,1.0
2020-05-08,AMZN,0.0,0.0,1.0
2020-05-08,BKNG,0.0,0.0,1.0
2020-05-08,CCL,0.5,0.0,0.5
2020-05-08,DIS,0.0,0.3333333333333333,0.6666666666666666
2020-05-08,MCD,0.0,1.0,0.0
2020-05-08,MSFT,0.0,0.0,1.0
2020-05-08,TSLA,0.09090909090909091,0.18181818181818182,0.7272727272727273
2020-05-11,AAPL,0.0,1.0,0.0
2020-05-11,BA,0.0,0.0,1.0
2020-05-11,TSLA,0.16666666666666666,0.0,0.8333333333333334
2020-05-11,WMT,0.0,0.0,1.0
2020-05-12,AAPL,0.25,0.5,0.25
2020-05-12,BA,0.0,0.0,1.0
2020-05-12,BABA,0.0,0.0,1.0
2020-05-12,BAC,0.0,1.0,0.0
2020-05-12,DIS,0.3333333333333333,0.16666666666666666,0.5
2020-05-12,FB,0.0,0.0,1.0
2020-05-12,JNJ,0.0,0.0,1.0
2020-05-12,JPM,1.0,0.0,0.0
2020-05-12,MCD,0.0,0.0,1.0
2020-05-12,MSFT,0.0,0.0,1.0
2020-05-12,TSLA,0.2727272727272727,0.0,0.7272727272727273
2020-05-12,WMT,0.0,0.0,1.0
2020-05-13,AAPL,0.0,0.2857142857142857,0.7142857142857143
2020-05-13,BA,0.2,0.2,0.6
2020-05-13,BABA,0.0,0.0,1.0
2020-05-13,CCL,0.0,0.0,1.0
2020-05-13,DIS,0.5,0.0,0.5
2020-05-13,FB,0.5,0.5,0.0
2020-05-13,KO,0.0,0.0,1.0
2020-05-13,LOW,1.0,0.0,0.0
2020-05-13,MCD,0.0,0.0,1.0
2020-05-13,MSFT,0.0,1.0,0.0
2020-05-13,NFLX,0.0,0.0,1.0
2020-05-13,NKE,0.0,1.0,0.0
2020-05-13,TSLA,0.13333333333333333,0.2,0.6666666666666666
2020-05-13,WMT,0.0,0.0,1.0
2020-05-13,XOM,0.0,0.0,1.0
2020-05-14,AAPL,0.4,0.0,0.6
2020-05-14,BA,0.2,0.2,0.6
2020-05-14,CCL,0.0,0.0,1.0
2020-05-14,DIS,0.3333333333333333,0.5,0.16666666666666666
2020-05-14,FB,0.0,0.0,1.0
2020-05-14,JPM,0.0,0.0,1.0
2020-05-14,MCD,0.0,0.0,1.0
2020-05-14,MSFT,0.0,0.0,1.0
2020-05-14,NVDA,0.5,0.5,0.0
2020-05-14,TSLA,0.25,0.08333333333333333,0.6666666666666666
2020-05-14,XOM,1.0,0.0,0.0
2020-05-15,AAPL,0.3333333333333333,0.0,0.6666666666666666
2020-05-15,BA,0.5,0.0,0.5
2020-05-15,BABA,0.0,1.0,0.0
2020-05-15,CCL,0.0,1.0,0.0
2020-05-15,DIS,0.25,0.0,0.75
2020-05-15,FB,1.0,0.0,0.0
2020-05-15,PYPL,0.0,0.0,1.0
2020-05-15,TSLA,0.0,0.0,1.0
2020-05-18,AAPL,0.0,1.0,0.0
2020-05-18,BA,0.0,0.0,1.0
2020-05-18,CCL,0.0,0.0,1.0
2020-05-18,WMT,0.0,0.0,1.0
2020-05-19,AMZN,0.0,1.0,0.0
2020-05-19,BA,0.5,0.5,0.0
2020-05-19,BABA,0.0,0.6666666666666666,0.3333333333333333
2020-05-19,CCL,1.0,0.0,0.0
2020-05-19,FB,0.0,0.0,1.0
2020-05-19,HD,0.0,0.0,1.0
2020-05-19,NFLX,0.0,0.0,1.0
2020-05-19,NVDA,1.0,0.0,0.0
2020-05-19,TSLA,0.25,0.25,0.5
2020-05-19,WMT,0.125,0.375,0.5
2020-05-20,AAPL,0.5,0.0,0.5
2020-05-20,AMZN,0.0,0.0,1.0
2020-05-20,BA,0.0,0.6666666666666666,0.3333333333333333
2020-05-20,BABA,0.0,0.3333333333333333,0.6666666666666666
2020-05-20,DIS,0.0,0.0,1.0
2020-05-20,FB,0.0,1.0,0.0
2020-05-20,LOW,0.5,0.0,0.5
2020-05-20,MSFT,0.0,1.0,0.0
2020-05-20,NFLX,0.0,1.0,0.0
2020-05-20,TSLA,0.25,0.25,0.5
2020-05-21,AAPL,0.5,0.5,0.0
2020-05-21,AMZN,1.0,0.0,0.0
2020-05-21,BA,0.0,0.0,1.0
2020-05-21,BABA,0.0,0.0,1.0
2020-05-21,DIS,0.0,0.0,1.0
2020-05-21,FB,0.0,0.25,0.75
2020-05-21,LOW,0.0,0.0,1.0
2020-05-21,NFLX,0.0,0.0,1.0
2020-05-21,NVDA,0.0,1.0,0.0
2020-05-21,TSLA,0.25,0.5,0.25
2020-05-22,BA,0.0,0.0,1.0
2020-05-22,BABA,0.16666666666666666,0.3333333333333333,0.5
2020-05-22,DIS,1.0,0.0,0.0
2020-05-22,FB,0.3333333333333333,0.0,0.6666666666666666
2020-05-22,HD,0.0,1.0,0.0
2020-05-22,KO,0.0,0.0,1.0
2020-05-22,NVDA,0.3333333333333333,0.3333333333333333,0.3333333333333333
2020-05-22,TSLA,0.0,0.0,1.0
2020-05-26,AAPL,0.0,0.0,1.0
2020-05-26,CCL,0.0,0.0,1.0
2020-05-26,NVDA,0.0,0.0,1.0
2020-05-27,AAPL,0.0,0.5,0.5
2020-05-27,AMZN,0.5,0.0,0.5
2020-05-27,BA,0.0,1.0,0.0
2020-05-27,BABA,0.5,0.0,0.5
2020-05-27,BKNG,0.0,0.0,1.0
2020-05-27,BRK.B,0.0,0.0,1.0
2020-05-27,CCL,0.3333333333333333,0.3333333333333333,0.3333333333333333
2020-05-27,FB,0.6666666666666666,0.3333333333333333,0.0
2020-05-27,JPM,0.0,0.0,1.0
2020-05-27,KO,0.0,0.0,1.0
2020-05-27,MSFT,0.0,1.0,0.0
2020-05-27,PYPL,0.0,0.0,1.0
2020-05-27,SBUX,0.0,0.0,1.0
2020-05-27,TSLA,0.25,0.25,0.5
2020-05-28,BA,0.0,0.3333333333333333,0.6666666666666666
2020-05-28,BABA,0.0,0.0,1.0
2020-05-28,CCL,0.0,0.5,0.5
2020-05-28,DIS,0.0,0.0,1.0
2020-05-28,FB,1.0,0.0,0.0
2020-05-28,JNJ,0.0,0.0,1.0
2020-05-28,JPM,0.0,0.0,1.0
2020-05-28,NVDA,0.0,0.0,1.0
2020-05-28,TSLA,0.2,0.2,0.6
2020-05-29,BA,0.0,0.0,1.0
2020-05-29,BABA,0.5,0.0,0.5
2020-05-29,CCL,0.0,0.5,0.5
2020-05-29,DIS,0.0,0.0,1.0
2020-05-29,FB,0.0,0.0,1.0
2020-05-29,JPM,1.0,0.0,0.0
2020-05-29,NFLX,0.0,0.0,1.0
2020-05-29,PYPL,0.0,0.0,1.0
2020-05-29,TSLA,0.6,0.0,0.4
2020-05-29,WMT,1.0,0.0,0.0
2020-06-01,AAPL,0.0,0.0,1.0
2020-06-01,TSLA,0.14285714285714285,0.42857142857142855,0.42857142857142855
2020-06-02,AMZN,0.0,0.5,0.5
2020-06-02,BA,0.0,0.0,1.0
2020-06-02,BABA,0.0,0.5,0.5
2020-06-02,CCL,0.0,0.0,1.0
2020-06-02,FB,0.0,1.0,0.0
2020-06-02,HD,0.0,0.0,1.0
2020-06-02,KO,0.0,0.0,1.0
2020-06-02,MSFT,0.0,0.0,1.0
2020-06-02,NFLX,1.0,0.0,0.0
2020-06-02,TSLA,0.42857142857142855,0.14285714285714285,0.42857142857142855
2020-06-03,AMZN,0.0,0.0,1.0
2020-06-03,BA,0.2,0.1,0.7
2020-06-03,BABA,0.0,0.5,0.5
2020-06-03,DIS,0.0,0.0,1.0
2020-06-03,FB,0.0,0.0,1.0
2020-06-03,HD,0.0,0.0,1.0
2020-06-03,MSFT,0.0,0.0,1.0
2020-06-03,PFE,0.0,0.0,1.0
2020-06-03,TSLA,0.6666666666666666,0.16666666666666666,0.16666666666666666
2020-06-03,XOM,0.0,1.0,0.0
2020-06-04,AAPL,0.0,1.0,0.0
2020-06-04,AMZN,0.0,0.0,1.0
2020-06-04,BA,0.25,0.25,0.5
2020-06-04,BRK.B,0.0,0.0,1.0
2020-06-04,CCL,0.0,0.0,1.0
2020-06-04,TSLA,0.25,0.0,0.75
2020-06-05,AAPL,1.0,0.0,0.0
2020-06-05,BA,0.08333333333333333,0.2916666666666667,0.625
2020-06-05,CCL,0.3333333333333333,0.3333333333333333,0.3333333333333333
2020-06-05,JPM,0.0,0.0,1.0
2020-06-05,TSLA,0.0,0.5,0.5
2020-06-05,WMT,0.0,0.0,1.0
2020-06-08,AAPL,0.0,0.0,1.0
2020-06-08,BA,0.25,0.5,0.25
2020-06-08,TSLA,0.0,0.0,1.0
2020-06-09,AAPL,0.0,0.0,1.0
2020-06-09,AMZN,0.0,0.0,1.0
2020-06-09,BA,0.2857142857142857,0.2857142857142857,0.42857142857142855
2020-06-09,CCL,0.6666666666666666,0.3333333333333333,0.0
2020-06-09,FB,0.0,1.0,0.0
2020-06-09,MSFT,0.0,1.0,0.0
2020-06-09,TSLA,0.1111111111111111,0.2222222222222222,0.6666666666666666
2020-06-09,WMT,0.0,1.0,0.0
2020-06-10,AAPL,0.0,0.0,1.0
2020-06-10,AMZN,0.0,0.0,1.0
2020-06-10,BA,0.0,0.0,1.0
2020-06-10,BRK.B,0.0,0.0,1.0
2020-06-10,CCL,0.3333333333333333,0.3333333333333333,0.3333333333333333
2020-06-10,JPM,1.0,0.0,0.0
2020-06-10,MSFT,0.0,0.6666666666666666,0.3333333333333333
2020-06-10,TSLA,0.0,0.45454545454545453,0.5454545454545454
2020-06-10,XOM,1.0,0.0,0.0
2020-06-11,AAPL,0.5,0.0,0.5
2020-06-11,AMZN,0.0,0.0,1.0
2020-06-11,BA,0.045454545454545456,0.22727272727272727,0.7272727272727273
2020-06-11,BABA,0.0,0.0,1.0
2020-06-11,BAC,1.0,0.0,0.0
2020-06-11,CCL,0.0,0.25,0.75
2020-06-11,DIS,1.0,0.0,0.0
2020-06-11,FB,0.0,0.0,1.0
2020-06-11,HD,0.0,0.0,1.0
2020-06-11,JPM,0.0,0.0,1.0
2020-06-11,NFLX,0.0,0.0,1.0
2020-06-11,SBUX,0.0,0.0,1.0
2020-06-11,TSLA,0.1111111111111111,0.1111111111111111,0.7777777777777778
2020-06-11,WMT,0.0,0.0,1.0
2020-06-11,XOM,0.0,0.0,1.0
2020-06-12,AAPL,0.5,0.16666666666666666,0.3333333333333333
2020-06-12,AMZN,1.0,0.0,0.0
2020-06-12,BA,0.125,0.375,0.5
2020-06-12,SBUX,0.0,0.3333333333333333,0.6666666666666666
2020-06-12,TSLA,0.13043478260869565,0.17391304347826086,0.6956521739130435
2020-06-12,WMT,0.5,0.5,0.0
2020-06-15,AAPL,0.0,0.0,1.0
2020-06-15,BA,0.0,0.0,1.0
2020-06-15,BAC,0.0,0.0,1.0
2020-06-15,CCL,0.0,0.0,1.0
2020-06-16,AMZN,0.0,0.3333333333333333,0.6666666666666666
2020-06-16,BA,0.07692307692307693,0.23076923076923078,0.6923076923076923
2020-06-16,CCL,0.5,0.0,0.5
2020-06-16,MSFT,1.0,0.0,0.0
2020-06-16,PYPL,0.0,1.0,0.0
2020-06-16,TSLA,0.0,0.6666666666666666,0.3333333333333333
2020-06-16,UPS,0.0,0.0,1.0
2020-06-16,V,0.0,0.0,1.0
2020-06-17,AAPL,0.0,0.6,0.4
2020-06-17,AMZN,0.5,0.5,0.0
2020-06-17,BA,0.2222222222222222,0.2222222222222222,0.5555555555555556
2020-06-17,BAC,0.0,0.0,1.0
2020-06-17,NFLX,0.0,1.0,0.0
2020-06-17,TSLA,0.2857142857142857,0.42857142857142855,0.2857142857142857
2020-06-17,V,0.0,0.0,1.0
2020-06-18,AAPL,0.0,0.25,0.75
2020-06-18,BA,0.3333333333333333,0.0,0.6666666666666666
2020-06-18,CCL,0.0,0.125,0.875
2020-06-18,FB,0.0,1.0,0.0
2020-06-18,TSLA,0.2222222222222222,0.2222222222222222,0.5555555555555556
2020-06-18,WMT,1.0,0.0,0.0
2020-06-19,AAPL,0.14285714285714285,0.0,0.8571428571428571
2020-06-19,BA,0.25,0.25,0.5
2020-06-19,CCL,0.08333333333333333,0.16666666666666666,0.75
2020-06-19,FB,0.0,1.0,0.0
2020-06-19,MA,0.0,1.0,0.0
2020-06-19,MSFT,0.0,0.0,1.0
2020-06-19,TSLA,0.5,0.0,0.5
2020-06-22,AAPL,0.3333333333333333,0.3333333333333333,0.3333333333333333
2020-06-22,BA,0.0,1.0,0.0
2020-06-22,CCL,0.5,0.0,0.5
2020-06-22,WMT,0.0,0.0,1.0
2020-06-23,AAPL,0.16666666666666666,0.0,0.8333333333333334
2020-06-23,AMZN,0.0,1.0,0.0
2020-06-23,BA,0.2,0.2,0.6
2020-06-23,FB,0.0,0.0,1.0
2020-06-23,NKE,0.0,0.0,1.0
2020-06-23,TSLA,0.25,0.25,0.5
2020-06-23,WMT,0.0,0.0,1.0
2020-06-24,AAPL,0.4,0.2,0.4
2020-06-24,AMZN,0.0,0.0,1.0
2020-06-24,BA,0.1111111111111111,0.2222222222222222,0.6666666666666666
2020-06-24,BAC,0.0,1.0,0.0
2020-06-24,BRK.B,0.0,1.0,0.0
2020-06-24,CCL,0.0,0.5,0.5
2020-06-24,DIS,0.0,0.5,0.5
2020-06-24,FB,0.0,1.0,0.0
2020-06-24,TSLA,0.0,0.0,1.0
2020-06-25,AAPL,0.5,0.0,0.5
2020-06-25,BA,0.0,0.125,0.875
2020-06-25,BABA,0.0,0.5,0.5
2020-06-25,BAC,0.0,0.0,1.0
2020-06-25,CCL,0.5,0.25,0.25
2020-06-25,DIS,0.4,0.26666666666666666,0.3333333333333333
2020-06-25,JNJ,0.0,1.0,0.0
2020-06-25,MA,0.0,1.0,0.0
2020-06-25,NKE,0.0,0.0,1.0
2020-06-25,PYPL,0.0,0.0,1.0
2020-06-25,TSLA,0.25,0.125,0.625
2020-06-26,AAPL,0.0,0.0,1.0
2020-06-26,AMZN,0.0,0.0,1.0
2020-06-26,BA,0.125,0.25,0.625
2020-06-26,CCL,0.0,0.0,1.0
2020-06-26,DIS,0.0,0.3333333333333333,0.6666666666666666
2020-06-26,FB,0.0,0.42857142857142855,0.5714285714285714
2020-06-26,MSFT,1.0,0.0,0.0
2020-06-26,NKE,0.0,0.0,1.0
2020-06-26,SBUX,0.0,0.0,1.0
2020-06-26,TSLA,0.0,0.0,1.0
2020-06-29,AAPL,0.0,0.0,1.0
2020-06-29,BA,1.0,0.0,0.0
2020-06-29,FB,0.0,0.0,1.0
2020-06-29,TSLA,0.5,0.0,0.5
2020-06-30,AAPL,0.0,0.6,0.4
2020-06-30,AMZN,0.0,0.0,1.0
2020-06-30,BA,0.3333333333333333,0.25,0.4166666666666667
2020-06-30,CCL,0.0,0.0,1.0
2020-06-30,FB,0.3333333333333333,0.3333333333333333,0.3333333333333333
2020-06-30,JPM,0.0,0.0,1.0
2020-06-30,TSLA,0.4,0.2,0.4
2020-07-01,AMZN,0.0,0.25,0.75
2020-07-01,BA,0.3333333333333333,0.0,0.6666666666666666
2020-07-01,FB,0.0,0.5,0.5
2020-07-01,MSFT,1.0,0.0,0.0
2020-07-01,SBUX,0.0,1.0,0.0
2020-07-01,TSLA,0.0,0.2,0.8
2020-07-02,AAPL,0.0,0.0,1.0
2020-07-02,AMZN,0.2,0.0,0.8
2020-07-02,BA,0.0,0.0,1.0
2020-07-02,BABA,0.0,0.0,1.0
2020-07-02,CCL,0.0,0.0,1.0
2020-07-02,FB,0.3333333333333333,0.0,0.6666666666666666
2020-07-02,MSFT,0.0,1.0,0.0
2020-07-02,NFLX,0.5,0.0,0.5
2020-07-02,TSLA,0.2222222222222222,0.16666666666666666,0.6111111111111112
2020-07-02,V,0.0,0.0,1.0
2020-07-06,BA,0.0,1.0,0.0
2020-07-06,BABA,0.0,1.0,0.0
2020-07-06,FB,0.0,1.0,0.0
2020-07-06,MSFT,0.0,0.0,1.0
2020-07-06,TSLA,0.16666666666666666,0.25,0.5833333333333334
2020-07-07,AMZN,0.0,0.3333333333333333,0.6666666666666666
2020-07-07,BA,0.0,0.0,1.0
2020-07-07,BAC,0.0,0.0,1.0
2020-07-07,BKNG,0.0,1.0,0.0
2020-07-07,DIS,0.0,0.0,1.0
2020-07-07,FB,0.5,0.5,0.0
2020-07-07,JPM,0.0,0.0,1.0
2020-07-07,MSFT,0.0,0.0,1.0
2020-07-07,NFLX,0.0,0.0,1.0
2020-07-07,TSLA,0.0,0.2,0.8
2020-07-07,WMT,0.0,1.0,0.0
2020-07-08,AAPL,0.3333333333333333,0.16666666666666666,0.5
2020-07-08,AMZN,0.2,0.4,0.4
2020-07-08,BA,0.0,0.5,0.5
2020-07-08,BABA,0.0,0.0,1.0
2020-07-08,CCL,0.0,0.0,1.0
2020-07-08,DIS,0.0,0.0,1.0
2020-07-08,FB,0.5,0.0,0.5
2020-07-08,GOOG,0.0,0.0,1.0
2020-07-08,NFLX,0.0,0.0,1.0
2020-07-08,PYPL,0.0,0.0,1.0
2020-07-08,TSLA,0.2727272727272727,0.2727272727272727,0.45454545454545453
2020-07-08,WMT,0.0,0.0,1.0
2020-07-09,AAPL,0.0,0.0,1.0
2020-07-09,AMZN,0.6666666666666666,0.0,0.3333333333333333
2020-07-09,BA,1.0,0.0,0.0
2020-07-09,BABA,0.0,0.0,1.0
2020-07-09,CCL,0.0,0.0,1.0
2020-07-09,DIS,0.0,0.5,0.5
2020-07-09,FB,0.0,0.0,1.0
2020-07-09,MSFT,0.0,1.0,0.0
2020-07-09,NVDA,0.0,0.0,1.0
2020-07-09,TSLA,0.3333333333333333,0.125,0.5416666666666666
2020-07-09,V,0.0,0.0,1.0
2020-07-10,AMZN,0.0,0.3333333333333333,0.6666666666666666
2020-07-10,BA,0.25,0.0,0.75
2020-07-10,BABA,1.0,0.0,0.0
2020-07-10,CCL,0.0,0.0,1.0
2020-07-10,DIS,0.0,0.0,1.0
2020-07-10,FB,0.0,0.0,1.0
2020-07-10,HD,0.0,0.0,1.0
2020-07-10,JPM,1.0,0.0,0.0
2020-07-10,NFLX,0.0,0.0,1.0
2020-07-10,TSLA,0.1,0.35,0.55
2020-07-10,TSM,0.0,0.0,1.0
2020-07-10,WMT,1.0,0.0,0.0
2020-07-13,AAPL,0.5,0.0,0.5
2020-07-13,DIS,0.0,1.0,0.0
2020-07-13,MSFT,0.0,0.0,1.0
2020-07-13,TSLA,0.19230769230769232,0.19230769230769232,0.6153846153846154
2020-07-14,AAPL,1.0,0.0,0.0
2020-07-14,AMZN,0.3333333333333333,0.0,0.6666666666666666
2020-07-14,BA,0.0,1.0,0.0
2020-07-14,BABA,0.0,0.0,1.0
2020-07-14,BRK.B,0.0,0.0,1.0
2020-07-14,DIS,0.0,0.0,1.0
2020-07-14,JPM,0.5,0.0,0.5
2020-07-14,MSFT,0.0,0.5,0.5
2020-07-14,NFLX,0.0,1.0,0.0
2020-07-14,PFE,0.0,0.0,1.0
2020-07-14,SBUX,1.0,0.0,0.0
2020-07-14,TSLA,0.13333333333333333,0.2,0.6666666666666666
2020-07-14,WMT,0.0,0.0,1.0
2020-07-15,AAPL,0.0,0.0,1.0
2020-07-15,AMZN,0.0,0.0,1.0
2020-07-15,BA,0.0,0.42857142857142855,0.5714285714285714
2020-07-15,BABA,0.0,1.0,0.0
2020-07-15,CCL,0.0,0.3333333333333333,0.6666666666666666
2020-07-15,JNJ,0.0,0.0,1.0
2020-07-15,JPM,0.0,0.0,1.0
2020-07-15,PFE,0.0,0.0,1.0
2020-07-15,TSLA,0.18181818181818182,0.36363636363636365,0.45454545454545453
2020-07-15,WMT,1.0,0.0,0.0
2020-07-16,BA,0.0,1.0,0.0
2020-07-16,BABA,0.0,0.0,1.0
2020-07-16,BAC,0.0,0.0,1.0
2020-07-16,BRK.B,0.0,0.0,1.0
2020-07-16,DIS,0.0,0.0,1.0
2020-07-16,FB,0.0,0.0,1.0
2020-07-16,MSFT,0.0,1.0,0.0
2020-07-16,NFLX,0.0,0.6,0.4
2020-07-16,SBUX,0.0,0.0,1.0
2020-07-16,TSLA,0.36363636363636365,0.09090909090909091,0.5454545454545454
2020-07-16,WMT,0.0,1.0,0.0
2020-07-17,AAPL,0.0,0.0,1.0
2020-07-17,CCL,0.3333333333333333,0.0,0.6666666666666666
2020-07-17,DIS,0.0,0.6666666666666666,0.3333333333333333
2020-07-17,FB,0.0,1.0,0.0
2020-07-17,MSFT,0.0,0.3333333333333333,0.6666666666666666
2020-07-17,NFLX,0.16666666666666666,0.16666666666666666,0.6666666666666666
2020-07-17,TSLA,0.2857142857142857,0.14285714285714285,0.5714285714285714
2020-07-17,WMT,0.0,0.0,1.0
2020-07-20,AAPL,0.0,0.75,0.25
2020-07-20,AMZN,0.0,0.0,1.0
2020-07-20,BA,0.0,0.0,1.0
2020-07-20,DIS,0.0,0.0,1.0
2020-07-20,MSFT,0.3333333333333333,0.3333333333333333,0.3333333333333333
2020-07-20,TSLA,0.14285714285714285,0.14285714285714285,0.7142857142857143
2020-07-21,AAPL,0.0,0.5,0.5
2020-07-21,AMZN,0.0,0.5,0.5
2020-07-21,BA,1.0,0.0,0.0
2020-07-21,DIS,0.0,0.0,1.0
2020-07-21,MSFT,0.0,0.6666666666666666,0.3333333333333333
2020-07-21,NFLX,0.0,1.0,0.0
2020-07-21,NKE,0.0,0.0,1.0
2020-07-21,NVDA,0.0,1.0,0.0
2020-07-21,TSLA,0.25,0.16666666666666666,0.5833333333333334
2020-07-22,AAPL,0.0,1.0,0.0
2020-07-22,AMZN,0.0,0.0,1.0
2020-07-22,BA,1.0,0.0,0.0
2020-07-22,BKNG,0.0,0.0,1.0
2020-07-22,KO,0.0,1.0,0.0
2020-07-22,MSFT,0.0,0.5,0.5
2020-07-22,PFE,0.0,0.4,0.6
2020-07-22,TSLA,0.11363636363636363,0.18181818181818182,0.7045454545454546
2020-07-23,AAPL,0.25,0.25,0.5
2020-07-23,AMZN,0.0,0.0,1.0
2020-07-23,BA,0.25,0.0,0.75
2020-07-23,BAC,0.0,1.0,0.0
2020-07-23,DIS,1.0,0.0,0.0
2020-07-23,MSFT,0.14285714285714285,0.14285714285714285,0.7142857142857143
2020-07-23,PFE,0.0,0.3333333333333333,0.6666666666666666
2020-07-23,TSLA,0.3,0.06666666666666667,0.6333333333333333
2020-07-24,AAPL,0.0,0.0,1.0
2020-07-24,AMZN,0.25,0.0,0.75
2020-07-24,BA,0.0,0.0,1.0
2020-07-24,BAC,1.0,0.0,0.0
2020-07-24,MSFT,0.0,0.6666666666666666,0.3333333333333333
2020-07-24,TSLA,0.05555555555555555,0.2222222222222222,0.7222222222222222
2020-07-27,AAPL,0.5,0.0,0.5
2020-07-27,BA,0.0,0.0,1.0
2020-07-27,TSLA,0.3333333333333333,0.0,0.6666666666666666
2020-07-27,TSM,1.0,0.0,0.0
2020-07-28,AAPL,0.0,0.3333333333333333,0.6666666666666666
2020-07-28,AMZN,0.0,0.0,1.0
2020-07-28,BA,1.0,0.0,0.0
2020-07-28,FB,0.0,1.0,0.0
2020-07-28,MSFT,0.0,0.5,0.5
2020-07-28,NFLX,0.0,0.0,1.0
2020-07-28,SBUX,0.5,0.5,0.0
2020-07-28,TSLA,0.25,0.25,0.5
2020-07-28,TSM,1.0,0.0,0.0
2020-07-28,WMT,1.0,0.0,0.0
2020-07-29,AAPL,0.5,0.0,0.5
2020-07-29,AMZN,0.0,0.3333333333333333,0.6666666666666666
2020-07-29,BA,0.16666666666666666,0.0,0.8333333333333334
2020-07-29,MSFT,0.0,0.0,1.0
2020-07-29,PFE,0.0,0.5,0.5
2020-07-29,PYPL,0.0,0.0,1.0
2020-07-29,SBUX,0.0,1.0,0.0
2020-07-29,TSLA,0.09090909090909091,0.09090909090909091,0.8181818181818182
2020-07-30,AAPL,0.15,0.25,0.6
2020-07-30,AMZN,0.0,0.3333333333333333,0.6666666666666666
2020-07-30,BA,0.0,0.0,1.0
2020-07-30,DIS,0.0,0.0,1.0
2020-07-30,FB,1.0,0.0,0.0
2020-07-30,GOOGL,1.0,0.0,0.0
2020-07-30,MSFT,0.0,0.5,0.5
2020-07-30,TSLA,0.3,0.1,0.6
2020-07-30,UPS,0.0,0.0,1.0
2020-07-31,AAPL,0.05263157894736842,0.21052631578947367,0.7368421052631579
2020-07-31,AMZN,0.0,0.3333333333333333,0.6666666666666666
2020-07-31,BA,0.3333333333333333,0.3333333333333333,0.3333333333333333
2020-07-31,BKNG,0.0,1.0,0.0
2020-07-31,CCL,0.5,0.5,0.0
2020-07-31,FB,0.0,0.5,0.5
2020-07-31,GOOGL,0.5,0.0,0.5
2020-07-31,MSFT,0.3333333333333333,0.3333333333333333,0.3333333333333333
2020-07-31,PFE,0.0,1.0,0.0
2020-07-31,PYPL,0.0,0.0,1.0
2020-07-31,TSLA,0.2,0.0,0.8
2020-08-03,AAPL,0.0,0.38461538461538464,0.6153846153846154
2020-08-03,MSFT,0.0,0.5,0.5
2020-08-04,AAPL,0.0,0.2857142857142857,0.7142857142857143
2020-08-04,BA,0.0,0.0,1.0
2020-08-04,BABA,1.0,0.0,0.0
2020-08-04,BAC,0.0,0.0,1.0
2020-08-04,DIS,0.4,0.0,0.6
2020-08-04,MSFT,0.3333333333333333,0.0,0.6666666666666666
2020-08-04,NFLX,0.0,0.0,1.0
2020-08-04,PFE,0.0,1.0,0.0
2020-08-04,TSLA,0.0,0.5,0.5
2020-08-04,V,0.0,0.0,1.0
2020-08-04,WMT,1.0,0.0,0.0
2020-08-05,AAPL,0.0,0.5,0.5
2020-08-05,AMZN,0.0,1.0,0.0
2020-08-05,BA,0.1,0.2,0.7
2020-08-05,CCL,0.5,0.0,0.5
2020-08-05,DIS,0.3333333333333333,0.0,0.6666666666666666
2020-08-05,MSFT,0.0,0.6666666666666666,0.3333333333333333
2020-08-05,NKE,0.0,0.0,1.0
2020-08-05,PFE,0.0,0.0,1.0
2020-08-05,PYPL,0.0,0.0,1.0
2020-08-05,TSLA,0.0,0.25,0.75
2020-08-05,TSM,0.0,1.0,0.0
2020-08-05,UNH,0.0,0.0,1.0
2020-08-05,WMT,0.5,0.5,0.0
2020-08-06,AAPL,0.1111111111111111,0.3888888888888889,0.5
2020-08-06,AMZN,0.0,0.5,0.5
2020-08-06,BA,0.0,0.0,1.0
2020-08-06,DIS,0.0,0.0,1.0
2020-08-06,FB,0.0,1.0,0.0
2020-08-06,PYPL,0.0,0.0,1.0
2020-08-06,TSLA,0.75,0.0,0.25
2020-08-06,V,0.0,1.0,0.0
2020-08-07,AAPL,0.0,0.2,0.8
2020-08-07,AMZN,0.0,0.0,1.0
2020-08-07,BA,0.0,0.0,1.0
2020-08-07,BABA,1.0,0.0,0.0
2020-08-07,BRK.B,0.0,0.5,0.5
2020-08-07,FB,0.6,0.4,0.0
2020-08-07,HD,0.0,1.0,0.0
2020-08-07,LOW,1.0,0.0,0.0
2020-08-07,MSFT,0.25,0.5,0.25
2020-08-07,PYPL,0.0,1.0,0.0
2020-08-07,TSLA,0.0,0.0,1.0
2020-08-10,AAPL,0.08333333333333333,0.5,0.4166666666666667
2020-08-10,TSLA,0.0,1.0,0.0
2020-08-11,AAPL,0.16666666666666666,0.3333333333333333,0.5
2020-08-11,AMZN,0.5,0.0,0.5
2020-08-11,BA,0.0,0.0,1.0
2020-08-11,DIS,0.5,0.5,0.0
2020-08-11,FB,1.0,0.0,0.0
2020-08-11,JPM,0.0,0.0,1.0
2020-08-11,NFLX,0.0,0.0,1.0
2020-08-11,PFE,1.0,0.0,0.0
2020-08-11,PYPL,0.0,0.0,1.0
2020-08-11,TSLA,0.2857142857142857,0.2857142857142857,0.42857142857142855
2020-08-11,WMT,0.0,0.0,1.0
2020-08-12,AAPL,0.0,0.0,1.0
2020-08-12,AMZN,0.0,0.0,1.0
2020-08-12,BA,0.0,0.375,0.625
2020-08-12,BAC,1.0,0.0,0.0
2020-08-12,CCL,0.0,0.0,1.0
2020-08-12,JPM,0.0,1.0,0.0
2020-08-12,MSFT,0.0,1.0,0.0
2020-08-12,TSLA,0.15,0.35,0.5
2020-08-13,AAPL,0.15,0.35,0.5
2020-08-13,BA,0.0,0.5,0.5
2020-08-13,GOOG,1.0,0.0,0.0
2020-08-13,JNJ,0.0,1.0,0.0
2020-08-13,TSLA,0.2222222222222222,0.14814814814814814,0.6296296296296297
2020-08-13,WMT,0.0,0.0,1.0
2020-08-14,AAPL,0.0,0.375,0.625
2020-08-14,AMZN,0.0,1.0,0.0
2020-08-14,BA,0.0,1.0,0.0
2020-08-14,BABA,0.0,0.5,0.5
2020-08-14,HD,0.0,0.0,1.0
2020-08-14,MSFT,0.0,0.0,1.0
2020-08-14,NFLX,0.0,0.0,1.0
2020-08-14,PFE,1.0,0.0,0.0
2020-08-14,TSLA,0.11764705882352941,0.4117647058823529,0.47058823529411764
2020-08-14,WMT,0.0,0.0,1.0
2020-08-17,AAPL,0.0,0.0,1.0
2020-08-17,AMZN,1.0,0.0,0.0
2020-08-17,NVDA,1.0,0.0,0.0
2020-08-17,TSLA,0.42857142857142855,0.0,0.5714285714285714
2020-08-17,WMT,0.0,1.0,0.0
2020-08-18,AAPL,0.2857142857142857,0.14285714285714285,0.5714285714285714
2020-08-18,AMZN,0.0,0.4,0.6
2020-08-18,BA,0.0,0.5,0.5
2020-08-18,CCL,0.0,0.0,1.0
2020-08-18,MSFT,0.0,0.0,1.0
2020-08-18,NVDA,0.0,0.0,1.0
2020-08-18,TSLA,0.16666666666666666,0.2222222222222222,0.6111111111111112
2020-08-18,WMT,0.2,0.4,0.4
2020-08-19,AAPL,0.25,0.5,0.25
2020-08-19,AMZN,0.5,0.0,0.5
2020-08-19,BABA,0.3333333333333333,0.0,0.6666666666666666
2020-08-19,GOOG,0.0,0.0,1.0
2020-08-19,MSFT,0.0,0.6666666666666666,0.3333333333333333
2020-08-19,NKE,1.0,0.0,0.0
2020-08-19,NVDA,0.25,0.25,0.5
2020-08-19,TSLA,0.19047619047619047,0.19047619047619047,0.6190476190476191
2020-08-19,WMT,1.0,0.0,0.0
2020-08-20,AAPL,0.18181818181818182,0.18181818181818182,0.6363636363636364
2020-08-20,AMZN,1.0,0.0,0.0
2020-08-20,BA,0.0,0.0,1.0
2020-08-20,BABA,0.14285714285714285,0.42857142857142855,0.42857142857142855
2020-08-20,BAC,0.0,0.0,1.0
2020-08-20,DIS,0.0,0.0,1.0
2020-08-20,FB,0.0,0.0,1.0
2020-08-20,NFLX,0.0,0.3333333333333333,0.6666666666666666
2020-08-20,NVDA,0.0,0.0,1.0
2020-08-20,PFE,0.0,0.0,1.0
2020-08-20,TSLA,0.13333333333333333,0.06666666666666667,0.8
2020-08-20,V,0.0,1.0,0.0
2020-08-21,AAPL,0.07692307692307693,0.3076923076923077,0.6153846153846154
2020-08-21,AMZN,0.0,0.0,1.0
2020-08-21,BA,0.0,0.0,1.0
2020-08-21,CVX,0.0,0.0,1.0
2020-08-21,DIS,1.0,0.0,0.0
2020-08-21,FB,0.0,1.0,0.0
2020-08-21,JPM,0.0,1.0,0.0
2020-08-21,MSFT,0.5,0.0,0.5
2020-08-21,NFLX,0.0,1.0,0.0
2020-08-21,NVDA,0.2,0.4,0.4
2020-08-21,PFE,0.3333333333333333,0.3333333333333333,0.3333333333333333
2020-08-21,TSLA,0.10526315789473684,0.21052631578947367,0.6842105263157895
2020-08-24,AAPL,0.16666666666666666,0.3,0.5333333333333333
2020-08-24,BA,0.3333333333333333,0.6666666666666666,0.0
2020-08-24,BABA,0.0,0.0,1.0
2020-08-24,MSFT,0.0,1.0,0.0
2020-08-24,TSLA,0.5,0.0,0.5
2020-08-25,AAPL,0.1111111111111111,0.2222222222222222,0.6666666666666666
2020-08-25,AMZN,0.25,0.25,0.5
2020-08-25,BA,0.25,0.5,0.25
2020-08-25,FB,0.3333333333333333,0.3333333333333333,0.3333333333333333
2020-08-25,LOW,1.0,0.0,0.0
2020-08-25,MSFT,0.2,0.0,0.8
2020-08-25,NVDA,0.0,1.0,0.0
2020-08-25,SBUX,0.0,1.0,0.0
2020-08-25,TSLA,0.32142857142857145,0.14285714285714285,0.5357142857142857
2020-08-26,AAPL,0.0,0.3333333333333333,0.6666666666666666
2020-08-26,AMZN,1.0,0.0,0.0
2020-08-26,BA,0.0,0.5,0.5
2020-08-26,BABA,1.0,0.0,0.0
2020-08-26,BRK.B,0.0,0.0,1.0
2020-08-26,FB,0.4,0.6,0.0
2020-08-26,MSFT,0.0,1.0,0.0
2020-08-26,NFLX,0.3333333333333333,0.6666666666666666,0.0
2020-08-26,NVDA,0.0,0.0,1.0
2020-08-26,PFE,0.0,0.0,1.0
2020-08-26,TSLA,0.0,0.1111111111111111,0.8888888888888888
2020-08-26,XOM,0.0,1.0,0.0
2020-08-27,AAPL,0.06666666666666667,0.2,0.7333333333333333
2020-08-27,AMZN,0.0,0.0,1.0
2020-08-27,BA,0.0,0.0,1.0
2020-08-27,BABA,0.0,0.0,1.0
2020-08-27,BKNG,0.0,0.0,1.0
2020-08-27,CCL,1.0,0.0,0.0
2020-08-27,DIS,0.0,0.0,1.0
2020-08-27,MSFT,0.16666666666666666,0.3333333333333333,0.5
2020-08-27,NFLX,0.0,0.0,1.0
2020-08-27,NVDA,0.0,0.0,1.0
2020-08-27,TSLA,0.07407407407407407,0.14814814814814814,0.7777777777777778
2020-08-27,V,0.0,1.0,0.0
2020-08-27,WMT,0.5,0.5,0.0
2020-08-28,AAPL,0.16666666666666666,0.3333333333333333,0.5
2020-08-28,BA,0.25,0.0,0.75
2020-08-28,CCL,1.0,0.0,0.0
2020-08-28,DIS,0.0,0.25,0.75
2020-08-28,FB,0.5,0.0,0.5
2020-08-28,JPM,0.0,1.0,0.0
2020-08-28,MSFT,0.6666666666666666,0.0,0.3333333333333333
2020-08-28,NFLX,0.0,0.0,1.0
2020-08-28,PFE,0.0,0.0,1.0
2020-08-28,TSLA,0.2631578947368421,0.23684210526315788,0.5
2020-08-28,WMT,0.0,0.16666666666666666,0.8333333333333334
2020-08-31,AAPL,0.1935483870967742,0.22580645161290322,0.5806451612903226
2020-08-31,NVDA,1.0,0.0,0.0
2020-08-31,TSLA,0.08695652173913043,0.13043478260869565,0.782608695652174
2020-09-01,AAPL,0.13043478260869565,0.30434782608695654,0.5652173913043478
2020-09-01,AMZN,0.0,0.0,1.0
2020-09-01,BABA,0.0,0.0,1.0
2020-09-01,HD,0.0,1.0,0.0
2020-09-01,KO,0.0,1.0,0.0
2020-09-01,MSFT,0.0,0.0,1.0
2020-09-01,NFLX,0.0,0.3333333333333333,0.6666666666666666
2020-09-01,PFE,0.0,1.0,0.0
2020-09-01,TSLA,0.19101123595505617,0.21348314606741572,0.5955056179775281
2020-09-01,WMT,0.0,0.0,1.0
2020-09-02,AAPL,0.058823529411764705,0.17647058823529413,0.7647058823529411
2020-09-02,AMZN,0.5,0.5,0.0
2020-09-02,BA,0.0,0.0,1.0
2020-09-02,BAC,0.0,1.0,0.0
2020-09-02,CCL,1.0,0.0,0.0
2020-09-02,DIS,0.0,0.0,1.0
2020-09-02,LOW,0.6666666666666666,0.0,0.3333333333333333
2020-09-02,MSFT,0.0,0.5,0.5
2020-09-02,NFLX,0.0,0.0,1.0
2020-09-02,NVDA,0.0,0.3333333333333333,0.6666666666666666
2020-09-02,PFE,0.0,1.0,0.0
2020-09-02,SBUX,1.0,0.0,0.0
2020-09-02,TSLA,0.15584415584415584,0.18181818181818182,0.6623376623376623
2020-09-02,WMT,0.0,0.25,0.75
2020-09-02,XOM,0.0,1.0,0.0
2020-09-03,AAPL,0.043478260869565216,0.13043478260869565,0.8260869565217391
2020-09-03,BA,0.0,0.25,0.75
2020-09-03,BAC,0.0,1.0,0.0
2020-09-03,FB,0.0,1.0,0.0
2020-09-03,LOW,1.0,0.0,0.0
2020-09-03,MSFT,0.4,0.0,0.6
2020-09-03,NVDA,0.5,0.0,0.5
2020-09-03,TSLA,0.1574074074074074,0.16666666666666666,0.6759259259259259
2020-09-03,WMT,0.0,0.0,1.0
2020-09-04,AAPL,0.12,0.28,0.6
2020-09-04,AMZN,0.0,0.0,1.0
2020-09-04,BA,0.0,0.3333333333333333,0.6666666666666666
2020-09-04,CCL,0.0,0.5,0.5
2020-09-04,TSLA,0.14666666666666667,0.18666666666666668,0.6666666666666666
2020-09-04,WMT,0.0,0.0,1.0
2020-09-08,AAPL,0.2857142857142857,0.23809523809523808,0.47619047619047616
2020-09-08,BA,0.0,0.0,1.0
2020-09-08,BABA,0.0,1.0,0.0
2020-09-08,DIS,0.0,0.0,1.0
2020-09-08,TSLA,0.14035087719298245,0.12280701754385964,0.7368421052631579
2020-09-08,WMT,0.0,0.0,1.0
2020-09-09,AAPL,0.0625,0.25,0.6875
2020-09-09,BA,0.0,1.0,0.0
2020-09-09,CCL,0.0,1.0,0.0
2020-09-09,MCD,0.0,0.0,1.0
2020-09-09,NFLX,1.0,0.0,0.0
2020-09-09,NVDA,1.0,0.0,0.0
2020-09-09,TSLA,0.20408163265306123,0.12244897959183673,0.673469387755102
2020-09-10,AAPL,0.21052631578947367,0.2631578947368421,0.5263157894736842
2020-09-10,AMZN,1.0,0.0,0.0
2020-09-10,BA,0.0,0.0,1.0
2020-09-10,BABA,0.0,1.0,0.0
2020-09-10,DIS,0.0,0.0,1.0
2020-09-10,HD,0.0,0.0,1.0
2020-09-10,MSFT,0.0,0.0,1.0
2020-09-10,TSLA,0.11904761904761904,0.23809523809523808,0.6428571428571429
2020-09-10,WMT,0.3333333333333333,0.3333333333333333,0.3333333333333333
2020-09-10,XOM,1.0,0.0,0.0
2020-09-11,AAPL,0.34782608695652173,0.13043478260869565,0.5217391304347826
2020-09-11,AMZN,0.6666666666666666,0.3333333333333333,0.0
2020-09-11,DIS,0.0,0.0,1.0
2020-09-11,FB,1.0,0.0,0.0
2020-09-11,HD,0.0,0.0,1.0
2020-09-11,MSFT,1.0,0.0,0.0
2020-09-11,NFLX,0.0,0.5,0.5
2020-09-11,TSLA,0.14285714285714285,0.14285714285714285,0.7142857142857143
2020-09-14,AAPL,0.0625,0.3125,0.625
2020-09-14,DIS,1.0,0.0,0.0
2020-09-14,TSLA,0.06666666666666667,0.26666666666666666,0.6666666666666666
2020-09-14,WMT,0.0,0.0,1.0
2020-09-15,AAPL,0.24,0.28,0.48
2020-09-15,AMZN,0.0,0.0,1.0
2020-09-15,BA,0.3333333333333333,0.3333333333333333,0.3333333333333333
2020-09-15,BAC,0.0,1.0,0.0
2020-09-15,CCL,1.0,0.0,0.0
2020-09-15,FB,0.0,0.0,1.0
2020-09-15,NFLX,0.5,0.5,0.0
2020-09-15,PFE,0.0,0.0,1.0
2020-09-15,TSLA,0.22413793103448276,0.1724137931034483,0.603448275862069
2020-09-15,WMT,0.0,0.5,0.5
2020-09-15,XOM,0.0,0.0,1.0
2020-09-16,AAPL,0.17647058823529413,0.29411764705882354,0.5294117647058824
2020-09-16,AMZN,1.0,0.0,0.0
2020-09-16,BA,0.0,0.5,0.5
2020-09-16,FB,0.0,0.0,1.0
2020-09-16,NFLX,0.0,0.5,0.5
2020-09-16,NVDA,0.5,0.5,0.0
2020-09-16,PFE,0.0,0.0,1.0
2020-09-16,TSLA,0.17647058823529413,0.14705882352941177,0.6764705882352942
2020-09-16,WMT,0.0,0.0,1.0
2020-09-17,AAPL,0.4,0.16,0.44
2020-09-17,AMZN,0.16666666666666666,0.3333333333333333,0.5
2020-09-17,BA,0.3333333333333333,0.0,0.6666666666666666
2020-09-17,DIS,0.5,0.0,0.5
2020-09-17,FB,0.5,0.0,0.5
2020-09-17,GOOGL,0.0,1.0,0.0
2020-09-17,MCD,0.0,0.0,1.0
2020-09-17,NFLX,0.2857142857142857,0.14285714285714285,0.5714285714285714
2020-09-17,TSLA,0.16129032258064516,0.3225806451612903,0.5161290322580645
2020-09-17,WMT,1.0,0.0,0.0
2020-09-18,AAPL,0.20689655172413793,0.20689655172413793,0.5862068965517241
2020-09-18,AMZN,0.125,0.0,0.875
2020-09-18,BA,0.0,0.0,1.0
2020-09-18,CCL,0.0,0.0,1.0
2020-09-18,FB,1.0,0.0,0.0
2020-09-18,MSFT,0.0,0.0,1.0
2020-09-18,NFLX,0.5,0.16666666666666666,0.3333333333333333
2020-09-18,TSLA,0.08695652173913043,0.21739130434782608,0.6956521739130435
2020-09-18,XOM,0.0,0.0,1.0
2020-09-21,AAPL,0.35,0.1,0.55
2020-09-21,AMZN,0.0,0.0,1.0
2020-09-21,NFLX,0.0,0.0,1.0
2020-09-21,NVDA,0.0,1.0,0.0
2020-09-21,TSLA,0.22727272727272727,0.18181818181818182,0.5909090909090909
2020-09-21,WMT,0.0,1.0,0.0
2020-09-22,AAPL,0.3333333333333333,0.13333333333333333,0.5333333333333333
2020-09-22,AMZN,0.0,0.3333333333333333,0.6666666666666666
2020-09-22,BABA,0.0,0.0,1.0
2020-09-22,CCL,1.0,0.0,0.0
2020-09-22,KO,0.0,0.0,1.0
2020-09-22,MSFT,1.0,0.0,0.0
2020-09-22,NKE,0.3333333333333333,0.3333333333333333,0.3333333333333333
2020-09-22,TSLA,0.21052631578947367,0.21929824561403508,0.5701754385964912
2020-09-22,WMT,0.5,0.0,0.5
2020-09-23,AAPL,0.0625,0.1875,0.75
2020-09-23,AMZN,0.0,0.0,1.0
2020-09-23,BA,0.2,0.4,0.4
2020-09-23,NKE,0.0,0.3333333333333333,0.6666666666666666
2020-09-23,TSLA,0.20652173913043478,0.21739130434782608,0.5760869565217391
2020-09-23,WMT,0.0,1.0,0.0
2020-09-23,XOM,0.0,1.0,0.0
2020-09-24,AAPL,0.25,0.4166666666666667,0.3333333333333333
2020-09-24,AMZN,0.0,0.5,0.5
2020-09-24,BA,0.5,0.5,0.0
2020-09-24,BABA,0.0,0.0,1.0
2020-09-24,CCL,1.0,0.0,0.0
2020-09-24,FB,0.0,1.0,0.0
2020-09-24,NKE,0.0,1.0,0.0
2020-09-24,TSLA,0.13157894736842105,0.21052631578947367,0.6578947368421053
2020-09-24,XOM,1.0,0.0,0.0
2020-09-25,AAPL,0.1875,0.5,0.3125
2020-09-25,AMZN,0.0,0.0,1.0
2020-09-25,BA,0.25,0.25,0.5
2020-09-25,FB,0.0,1.0,0.0
2020-09-25,NKE,0.2,0.2,0.6
2020-09-25,PYPL,0.0,0.0,1.0
2020-09-25,TSLA,0.058823529411764705,0.23529411764705882,0.7058823529411765
2020-09-28,AAPL,0.0,0.1,0.9
2020-09-28,NFLX,0.0,1.0,0.0
2020-09-28,TSLA,0.0,1.0,0.0
2020-09-29,AAPL,0.2,0.2,0.6
2020-09-29,BA,0.16666666666666666,0.5,0.3333333333333333
2020-09-29,FB,0.0,1.0,0.0
2020-09-29,TSLA,0.0,0.3333333333333333,0.6666666666666666
2020-09-30,AAPL,0.2857142857142857,0.42857142857142855,0.2857142857142857
2020-09-30,AMZN,0.5,0.0,0.5
2020-09-30,BA,0.0,0.0,1.0
2020-09-30,BABA,0.0,1.0,0.0
2020-09-30,DIS,0.0,0.0,1.0
2020-09-30,FB,0.0,0.0,1.0
2020-09-30,HD,0.0,0.0,1.0
2020-09-30,NVDA,0.0,0.5,0.5
2020-09-30,TSLA,0.14285714285714285,0.14285714285714285,0.7142857142857143
2020-09-30,WMT,0.5,0.0,0.5
2020-09-30,XOM,0.0,0.0,1.0
2020-10-01,AAPL,0.0,0.2857142857142857,0.7142857142857143
2020-10-01,AMZN,0.0,0.0,1.0
2020-10-01,BA,0.6666666666666666,0.0,0.3333333333333333
2020-10-01,BABA,0.0,0.0,1.0
2020-10-01,DIS,0.0,1.0,0.0
2020-10-01,NFLX,0.0,0.0,1.0
2020-10-01,PFE,0.0,0.0,1.0
2020-10-01,TSLA,0.18181818181818182,0.3181818181818182,0.5
2020-10-01,WMT,0.0,1.0,0.0
2020-10-01,XOM,1.0,0.0,0.0
2020-10-02,AAPL,0.16666666666666666,0.4166666666666667,0.4166666666666667
2020-10-02,AMZN,0.0,0.0,1.0
2020-10-02,BA,0.0,0.5,0.5
2020-10-02,MSFT,0.5,0.5,0.0
2020-10-02,NVDA,0.0,0.0,1.0
2020-10-02,TSLA,0.11538461538461539,0.11538461538461539,0.7692307692307693
2020-10-02,UPS,1.0,0.0,0.0
2020-10-05,AAPL,0.5,0.0,0.5
2020-10-05,BA,0.5,0.0,0.5
2020-10-05,TSLA,0.0,0.0,1.0
2020-10-06,AAPL,0.16666666666666666,0.25,0.5833333333333334
2020-10-06,AMZN,0.0,0.0,1.0
2020-10-06,BA,0.25,0.5,0.25
2020-10-06,CCL,0.0,0.0,1.0
2020-10-06,DIS,0.0,0.0,1.0
2020-10-06,NVDA,0.0,0.0,1.0
2020-10-06,TSLA,0.11764705882352941,0.35294117647058826,0.5294117647058824
2020-10-06,TSM,1.0,0.0,0.0
2020-10-06,UPS,0.0,1.0,0.0
2020-10-07,AAPL,0.0,0.0,1.0
2020-10-07,AMZN,0.0,1.0,0.0
2020-10-07,BA,1.0,0.0,0.0
2020-10-07,BABA,0.6666666666666666,0.3333333333333333,0.0
2020-10-07,DIS,0.0,0.0,1.0
2020-10-07,GOOGL,1.0,0.0,0.0
2020-10-07,MCD,0.0,0.0,1.0
2020-10-07,NFLX,0.0,1.0,0.0
2020-10-07,NVDA,0.5,0.0,0.5
2020-10-07,TSLA,0.4,0.2,0.4
2020-10-07,UPS,1.0,0.0,0.0
2020-10-08,AAPL,0.0,0.4444444444444444,0.5555555555555556
2020-10-08,AMZN,0.0,0.0,1.0
2020-10-08,BA,0.0,0.3333333333333333,0.6666666666666666
2020-10-08,BABA,0.0,0.0,1.0
2020-10-08,BAC,0.0,0.0,1.0
2020-10-08,LOW,1.0,0.0,0.0
2020-10-08,SBUX,0.0,0.0,1.0
2020-10-08,TSLA,0.18181818181818182,0.2727272727272727,0.5454545454545454
2020-10-08,WMT,0.0,0.5,0.5
2020-10-08,XOM,0.0,1.0,0.0
2020-10-09,AAPL,0.5,0.25,0.25
2020-10-09,BA,0.0,1.0,0.0
2020-10-09,MSFT,0.0,0.0,1.0
2020-10-09,NVDA,0.0,1.0,0.0
2020-10-09,PFE,0.0,0.0,1.0
2020-10-09,TSLA,0.18181818181818182,0.5454545454545454,0.2727272727272727
2020-10-12,AAPL,0.2,0.2,0.6
2020-10-12,AMZN,0.0,0.0,1.0
2020-10-12,TSLA,0.6666666666666666,0.3333333333333333,0.0
2020-10-13,AAPL,0.1388888888888889,0.3333333333333333,0.5277777777777778
2020-10-13,AMZN,0.3333333333333333,0.3333333333333333,0.3333333333333333
2020-10-13,CCL,0.0,1.0,0.0
2020-10-13,DIS,1.0,0.0,0.0
2020-10-13,FB,0.0,0.0,1.0
2020-10-13,JNJ,0.0,0.0,1.0
2020-10-13,JPM,0.0,0.0,1.0
2020-10-13,NFLX,1.0,0.0,0.0
2020-10-13,TSLA,0.16666666666666666,0.3333333333333333,0.5
2020-10-13,WMT,1.0,0.0,0.0
2020-10-14,AAPL,0.3076923076923077,0.07692307692307693,0.6153846153846154
2020-10-14,AMZN,0.0,0.0,1.0
2020-10-14,BABA,0.0,0.6666666666666666,0.3333333333333333
2020-10-14,BAC,0.0,0.0,1.0
2020-10-14,DIS,1.0,0.0,0.0
2020-10-14,JNJ,0.0,1.0,0.0
2020-10-14,TSLA,0.13333333333333333,0.3333333333333333,0.5333333333333333
2020-10-15,AAPL,0.25,0.4166666666666667,0.3333333333333333
2020-10-15,AMZN,0.0,0.0,1.0
2020-10-15,BA,0.0,0.0,1.0
2020-10-15,DIS,0.0,1.0,0.0
2020-10-15,FB,1.0,0.0,0.0
2020-10-15,JNJ,0.0,1.0,0.0
2020-10-15,MSFT,0.0,1.0,0.0
2020-10-15,NVDA,0.0,0.0,1.0
2020-10-15,TSLA,0.0,0.3333333333333333,0.6666666666666666
2020-10-16,AAPL,0.1111111111111111,0.2222222222222222,0.6666666666666666
2020-10-16,AMZN,0.0,0.0,1.0
2020-10-16,BA,0.5,0.0,0.5
2020-10-16,CCL,0.5,0.0,0.5
2020-10-16,NVDA,0.0,0.0,1.0
2020-10-16,TSLA,0.25,0.5,0.25
2020-10-16,WMT,0.0,0.0,1.0
2020-10-19,AAPL,0.375,0.125,0.5
2020-10-19,TSLA,0.2,0.0,0.8
2020-10-20,AAPL,0.25,0.0,0.75
2020-10-20,FB,0.5,0.0,0.5
2020-10-20,GOOG,0.0,1.0,0.0
2020-10-20,NFLX,0.3076923076923077,0.0,0.6923076923076923
2020-10-20,NVDA,0.0,1.0,0.0
2020-10-20,PFE,0.0,0.0,1.0
2020-10-20,TSLA,0.4444444444444444,0.5555555555555556,0.0
2020-10-21,AAPL,0.0,0.6666666666666666,0.3333333333333333
2020-10-21,BA,0.0,0.0,1.0
2020-10-21,DIS,0.0,1.0,0.0
2020-10-21,FB,0.0,0.0,1.0
2020-10-21,NFLX,0.4444444444444444,0.3333333333333333,0.2222222222222222
2020-10-21,PFE,0.0,0.0,1.0
2020-10-21,PYPL,0.0,1.0,0.0
2020-10-21,TSLA,0.13043478260869565,0.17391304347826086,0.6956521739130435
2020-10-22,AAPL,0.0,1.0,0.0
2020-10-22,AMZN,0.0,0.0,1.0
2020-10-22,FB,0.0,0.0,1.0
2020-10-22,KO,0.0,0.0,1.0
2020-10-22,NFLX,1.0,0.0,0.0
2020-10-22,PYPL,0.0,0.0,1.0
2020-10-22,TSLA,0.2,0.0,0.8
2020-10-22,WMT,0.0,1.0,0.0
2020-10-22,XOM,1.0,0.0,0.0
2020-10-23,AAPL,0.4,0.2,0.4
2020-10-23,AMZN,1.0,0.0,0.0
2020-10-23,BA,0.0,0.0,1.0
2020-10-23,JNJ,0.0,0.0,1.0
2020-10-23,KO,0.0,1.0,0.0
2020-10-23,MSFT,1.0,0.0,0.0
2020-10-23,NFLX,0.0,1.0,0.0
2020-10-23,PFE,0.0,0.0,1.0
2020-10-23,TSLA,0.15384615384615385,0.15384615384615385,0.6923076923076923
2020-10-26,AAPL,0.125,0.0,0.875
2020-10-26,AMZN,0.0,0.0,1.0
2020-10-27,AAPL,0.0,0.0,1.0
2020-10-27,AMZN,0.0,0.0,1.0
2020-10-27,BA,0.0,0.0,1.0
2020-10-27,FB,0.0,0.0,1.0
2020-10-27,MSFT,0.25,0.0,0.75
2020-10-27,NFLX,0.0,0.0,1.0
2020-10-27,PFE,0.0,1.0,0.0
2020-10-27,TSLA,0.0,0.0,1.0
2020-10-27,UNH,1.0,0.0,0.0
2020-10-27,UPS,0.0,1.0,0.0
2020-10-28,AAPL,0.0,0.7142857142857143,0.2857142857142857
2020-10-28,AMZN,0.0,1.0,0.0
2020-10-28,BA,0.6,0.0,0.4
2020-10-28,MA,0.0,1.0,0.0
2020-10-28,MSFT,0.0,0.0,1.0
2020-10-28,TSLA,0.2,0.2,0.6
2020-10-28,UPS,0.3333333333333333,0.6666666666666666,0.0
2020-10-29,AAPL,0.16,0.24,0.6
2020-10-29,AMZN,0.3333333333333333,0.0,0.6666666666666666
2020-10-29,BA,0.0,0.0,1.0
2020-10-29,CCL,0.0,0.0,1.0
2020-10-29,FB,0.0,0.0,1.0
2020-10-29,NFLX,0.2,0.0,0.8
2020-10-29,TSLA,0.4,0.0,0.6
2020-10-29,XOM,1.0,0.0,0.0
2020-10-30,AAPL,0.2727272727272727,0.18181818181818182,0.5454545454545454
2020-10-30,AMZN,0.5,0.0,0.5
2020-10-30,BA,0.0,0.0,1.0
2020-10-30,CCL,0.25,0.25,0.5
2020-10-30,FB,0.0,0.25,0.75
2020-10-30,TSLA,0.0,0.25,0.75
2020-11-02,AAPL,0.2727272727272727,0.0,0.7272727272727273
2020-11-02,PYPL,0.0,0.0,1.0
2020-11-03,AAPL,0.0,0.0,1.0
2020-11-03,BABA,0.2,0.4,0.4
2020-11-03,PYPL,0.0,0.0,1.0
2020-11-03,TSLA,0.0,0.0,1.0
2020-11-03,WMT,0.0,0.0,1.0
2020-11-04,AAPL,0.3333333333333333,0.0,0.6666666666666666
2020-11-04,AMZN,0.0,0.0,1.0
2020-11-04,BA,0.0,0.0,1.0
2020-11-04,CCL,1.0,0.0,0.0
2020-11-04,TSLA,0.2222222222222222,0.3333333333333333,0.4444444444444444
2020-11-05,AAPL,0.5,0.5,0.0
2020-11-05,AMZN,0.0,0.0,1.0
2020-11-05,BABA,0.5555555555555556,0.0,0.4444444444444444
2020-11-05,TSLA,0.0,0.5,0.5
2020-11-06,AAPL,0.2,0.4,0.4
2020-11-06,AMZN,1.0,0.0,0.0
2020-11-06,FB,0.0,0.0,1.0
2020-11-06,NFLX,1.0,0.0,0.0
2020-11-06,NVDA,1.0,0.0,0.0
2020-11-06,SBUX,0.0,1.0,0.0
2020-11-06,TSLA,0.3333333333333333,0.0,0.6666666666666666
2020-11-09,AAPL,0.2222222222222222,0.3333333333333333,0.4444444444444444
2020-11-09,AMZN,0.0,0.5,0.5
2020-11-09,BA,0.5,0.0,0.5
2020-11-09,BABA,0.0,0.0,1.0
2020-11-09,CCL,0.0,0.0,1.0
2020-11-09,PFE,0.0,0.0,1.0
2020-11-10,AAPL,0.3333333333333333,0.2222222222222222,0.4444444444444444
2020-11-10,AMZN,0.0,0.0,1.0
2020-11-10,BA,0.3333333333333333,0.6666666666666666,0.0
2020-11-10,BABA,0.0,0.0,1.0
2020-11-10,BAC,0.0,0.0,1.0
2020-11-10,CCL,0.0,1.0,0.0
2020-11-10,CVX,1.0,0.0,0.0
2020-11-10,HD,0.0,0.0,1.0
2020-11-10,MSFT,0.0,0.0,1.0
2020-11-10,PFE,0.14285714285714285,0.2857142857142857,0.5714285714285714
2020-11-10,SBUX,0.0,0.0,1.0
2020-11-10,TSLA,0.2,0.2,0.6
2020-11-11,AAPL,0.1111111111111111,0.3333333333333333,0.5555555555555556
2020-11-11,AMZN,0.0,0.0,1.0
2020-11-11,BA,0.5,0.0,0.5
2020-11-11,BABA,0.0,0.0,1.0
2020-11-11,CCL,0.2,0.4,0.4
2020-11-11,FB,1.0,0.0,0.0
2020-11-11,MCD,0.0,0.5,0.5
2020-11-11,MSFT,0.0,1.0,0.0
2020-11-11,NFLX,1.0,0.0,0.0
2020-11-11,NVDA,0.0,0.0,1.0
2020-11-11,TSLA,0.3333333333333333,0.6666666666666666,0.0
2020-11-12,AAPL,0.2,0.2,0.6
2020-11-12,BA,0.0,0.0,1.0
2020-11-12,BABA,0.0,0.0,1.0
2020-11-12,BAC,0.0,0.0,1.0
2020-11-12,BKNG,0.0,0.0,1.0
2020-11-12,CCL,0.5,0.0,0.5
2020-11-12,DIS,0.0,0.0,1.0
2020-11-12,FB,0.0,0.0,1.0
2020-11-12,NVDA,0.0,0.5,0.5
2020-11-12,TSLA,0.0,0.16666666666666666,0.8333333333333334
2020-11-12,WMT,1.0,0.0,0.0
2020-11-13,AMZN,0.0,1.0,0.0
2020-11-13,BA,0.0,0.25,0.75
2020-11-13,BABA,0.0,0.5,0.5
2020-11-13,BAC,0.0,0.0,1.0
2020-11-13,CCL,0.0,0.5,0.5
2020-11-13,DIS,0.5,0.5,0.0
2020-11-13,FB,0.0,0.0,1.0
2020-11-13,MSFT,1.0,0.0,0.0
2020-11-13,NVDA,0.0,0.3333333333333333,0.6666666666666666
2020-11-13,PFE,0.0,0.0,1.0
2020-11-13,TSLA,0.25,0.5,0.25
2020-11-13,WMT,0.8,0.2,0.0
2020-11-16,AAPL,0.0,1.0,0.0
2020-11-16,BA,0.0,0.0,1.0
2020-11-16,BABA,0.0,0.5,0.5
2020-11-16,PFE,0.0,0.0,1.0
2020-11-16,TSLA,0.0,0.16666666666666666,0.8333333333333334
2020-11-17,AAPL,0.0,0.3333333333333333,0.6666666666666666
2020-11-17,AMZN,0.0,0.3333333333333333,0.6666666666666666
2020-11-17,BA,0.0,0.0,1.0
2020-11-17,BABA,0.0,0.0,1.0
2020-11-17,CCL,1.0,0.0,0.0
2020-11-17,DIS,0.0,0.0,1.0
2020-11-17,HD,0.0,0.5,0.5
2020-11-17,NVDA,0.0,0.0,1.0
2020-11-17,PFE,0.5,0.0,0.5
2020-11-17,TSLA,0.13043478260869565,0.21739130434782608,0.6521739130434783
2020-11-17,WMT,1.0,0.0,0.0
2020-11-17,XOM,0.0,0.0,1.0
2020-11-18,AAPL,0.2,0.0,0.8
2020-11-18,AMZN,0.0,1.0,0.0
2020-11-18,BA,0.07692307692307693,0.3076923076923077,0.6153846153846154
2020-11-18,BABA,0.6666666666666666,0.0,0.3333333333333333
2020-11-18,BKNG,0.0,0.0,1.0
2020-11-18,CCL,0.25,0.25,0.5
2020-11-18,DIS,0.0,0.0,1.0
2020-11-18,NFLX,0.0,0.0,1.0
2020-11-18,NVDA,0.2,0.2,0.6
2020-11-18,PFE,0.2,0.2,0.6
2020-11-18,TSLA,0.3333333333333333,0.3333333333333333,0.3333333333333333
2020-11-19,AAPL,0.0,0.6,0.4
2020-11-19,BA,0.0,0.375,0.625
2020-11-19,BABA,0.0,1.0,0.0
2020-11-19,CCL,1.0,0.0,0.0
2020-11-19,DIS,0.0,1.0,0.0
2020-11-19,NVDA,0.0,0.0,1.0
2020-11-19,PFE,0.0,0.5,0.5
2020-11-19,TSLA,0.125,0.3333333333333333,0.5416666666666666
2020-11-19,V,0.0,1.0,0.0
2020-11-20,AAPL,0.0,0.5,0.5
2020-11-20,AMZN,0.5,0.0,0.5
2020-11-20,BA,0.0,0.0,1.0
2020-11-20,BABA,0.14285714285714285,0.5714285714285714,0.2857142857142857
2020-11-20,BKNG,0.0,1.0,0.0
2020-11-20,CCL,1.0,0.0,0.0
2020-11-20,NFLX,0.0,1.0,0.0
2020-11-20,NVDA,0.0,0.0,1.0
2020-11-20,PFE,0.0,0.0,1.0
2020-11-20,TSLA,0.375,0.0,0.625
2020-11-23,AAPL,0.14285714285714285,0.42857142857142855,0.42857142857142855
2020-11-23,MSFT,0.0,0.5,0.5
2020-11-23,TSLA,0.0,0.6666666666666666,0.3333333333333333
2020-11-24,AAPL,0.0,0.6666666666666666,0.3333333333333333
2020-11-24,AMZN,1.0,0.0,0.0
2020-11-24,BA,0.0,0.5,0.5
2020-11-24,CCL,0.0,0.0,1.0
2020-11-24,DIS,0.0,1.0,0.0
2020-11-24,NVDA,1.0,0.0,0.0
2020-11-24,PFE,0.0,0.0,1.0
2020-11-24,PYPL,0.0,1.0,0.0
2020-11-24,TSLA,0.12,0.32,0.56
2020-11-24,UPS,0.0,0.0,1.0
2020-11-25,AAPL,0.4,0.6,0.0
2020-11-25,BA,0.0,0.5,0.5
2020-11-25,BABA,0.0,0.0,1.0
2020-11-25,CCL,0.0,0.0,1.0
2020-11-25,FB,0.0,0.0,1.0
2020-11-25,MSFT,0.0,0.0,1.0
2020-11-25,NFLX,0.0,1.0,0.0
2020-11-25,PFE,0.0,0.6666666666666666,0.3333333333333333
2020-11-25,TSLA,0.14285714285714285,0.3333333333333333,0.5238095238095238
2020-11-25,XOM,0.0,0.0,1.0
2020-11-27,AAPL,0.25,0.5,0.25
2020-11-27,PFE,0.0,0.0,1.0
2020-11-27,TSLA,0.5,0.0,0.5
2020-11-30,AAPL,0.0,0.375,0.625
2020-11-30,BA,0.0,0.0,1.0
2020-11-30,TSLA,0.14285714285714285,0.2857142857142857,0.5714285714285714
2020-11-30,UPS,0.0,0.0,1.0
2020-12-01,AAPL,0.1,0.3,0.6
2020-12-01,AMZN,0.0,0.0,1.0
2020-12-01,BA,0.0,0.0,1.0
2020-12-01,CCL,0.0,0.0,1.0
2020-12-01,FB,0.0,1.0,0.0
2020-12-01,NVDA,0.0,1.0,0.0
2020-12-01,PFE,0.1,0.2,0.7
2020-12-01,PYPL,0.3333333333333333,0.0,0.6666666666666666
2020-12-01,TSLA,0.38461538461538464,0.23076923076923078,0.38461538461538464
2020-12-02,AAPL,0.0,0.2,0.8
2020-12-02,AMT,0.0,1.0,0.0
2020-12-02,AMZN,0.5,0.5,0.0
2020-12-02,BA,0.3333333333333333,0.3333333333333333,0.3333333333333333
2020-12-02,BABA,0.0,1.0,0.0
2020-12-02,CCL,0.0,1.0,0.0
2020-12-02,HD,0.0,0.0,1.0
2020-12-02,NFLX,0.0,0.0,1.0
2020-12-02,NVDA,0.0,0.0,1.0
2020-12-02,PFE,0.16666666666666666,0.3333333333333333,0.5
2020-12-02,TSLA,0.3125,0.125,0.5625
2020-12-03,AAPL,0.14285714285714285,0.14285714285714285,0.7142857142857143
2020-12-03,AMZN,0.0,0.25,0.75
2020-12-03,BA,0.14285714285714285,0.2857142857142857,0.5714285714285714
2020-12-03,BABA,0.0,0.0,1.0
2020-12-03,BAC,0.0,0.0,1.0
2020-12-03,HD,0.0,0.0,1.0
2020-12-03,JNJ,0.5,0.0,0.5
2020-12-03,NFLX,0.0,0.0,1.0
2020-12-03,NVDA,1.0,0.0,0.0
2020-12-03,PFE,0.0,0.375,0.625
2020-12-03,SBUX,0.0,0.0,1.0
2020-12-03,TSLA,0.15384615384615385,0.23076923076923078,0.6153846153846154
2020-12-04,AAPL,0.0,0.0,1.0
2020-12-04,BA,0.0,0.3333333333333333,0.6666666666666666
2020-12-04,BABA,0.5,0.0,0.5
2020-12-04,CCL,0.0,0.0,1.0
2020-12-04,FB,1.0,0.0,0.0
2020-12-04,JNJ,0.0,0.0,1.0
2020-12-04,MSFT,0.0,0.5,0.5
2020-12-04,NKE,0.0,0.0,1.0
2020-12-04,PFE,0.0,0.3333333333333333,0.6666666666666666
2020-12-04,TSLA,0.23529411764705882,0.17647058823529413,0.5882352941176471
2020-12-04,V,0.0,0.0,1.0
2020-12-07,ABNB,1.0,0.0,0.0
2020-12-07,HD,1.0,0.0,0.0
2020-12-07,PFE,0.0,1.0,0.0
2020-12-07,TSLA,0.25,0.25,0.5
2020-12-08,AAPL,0.0,0.0,1.0
2020-12-08,ABNB,0.0,0.0,1.0
2020-12-08,AMZN,1.0,0.0,0.0
2020-12-08,BA,0.5,0.5,0.0
2020-12-08,BABA,0.0,1.0,0.0
2020-12-08,HD,1.0,0.0,0.0
2020-12-08,PFE,0.1875,0.1875,0.625
2020-12-08,TSLA,0.17073170731707318,0.3170731707317073,0.5121951219512195
2020-12-09,AAPL,0.2,0.4,0.4
2020-12-09,ABNB,0.0,0.0,1.0
2020-12-09,AMZN,0.5,0.0,0.5
2020-12-09,BA,1.0,0.0,0.0
2020-12-09,BABA,1.0,0.0,0.0
2020-12-09,CCL,0.0,0.0,1.0
2020-12-09,DIS,0.0,0.5,0.5
2020-12-09,FB,0.4,0.2,0.4
2020-12-09,PFE,0.26666666666666666,0.2,0.5333333333333333
2020-12-09,TSLA,0.24390243902439024,0.1951219512195122,0.5609756097560976
2020-12-10,ABNB,0.25,0.25,0.5
2020-12-10,AMZN,0.6,0.2,0.2
2020-12-10,BA,0.0,0.6666666666666666,0.3333333333333333
2020-12-10,BAC,0.0,0.5,0.5
2020-12-10,CCL,0.0,0.0,1.0
2020-12-10,DIS,0.0,0.0,1.0
2020-12-10,FB,0.16666666666666666,0.5,0.3333333333333333
2020-12-10,HD,0.0,0.0,1.0
2020-12-10,NVDA,0.0,0.0,1.0
2020-12-10,PFE,0.2857142857142857,0.14285714285714285,0.5714285714285714
2020-12-10,TSLA,0.21428571428571427,0.21428571428571427,0.5714285714285714
2020-12-11,AAPL,0.0,0.0,1.0
2020-12-11,ABNB,0.16666666666666666,0.0,0.8333333333333334
2020-12-11,AMZN,0.0,1.0,0.0
2020-12-11,CCL,0.5,0.0,0.5
2020-12-11,DIS,0.25,0.25,0.5
2020-12-11,FB,0.0,0.0,1.0
2020-12-11,HD,0.0,0.0,1.0
2020-12-11,MSFT,0.0,0.0,1.0
2020-12-11,PFE,0.125,0.375,0.5
2020-12-11,TSLA,0.17647058823529413,0.29411764705882354,0.5294117647058824
2020-12-14,AAPL,0.3333333333333333,0.3333333333333333,0.3333333333333333
2020-12-14,ABNB,0.125,0.375,0.5
2020-12-14,BABA,0.0,0.0,1.0
2020-12-14,PFE,0.2,0.0,0.8
2020-12-14,PYPL,0.0,1.0,0.0
2020-12-14,TSLA,0.0,0.5,0.5
2020-12-15,AAPL,0.0,0.5,0.5
2020-12-15,ABNB,0.2,0.0,0.8
2020-12-15,AMZN,0.0,0.0,1.0
2020-12-15,BA,1.0,0.0,0.0
2020-12-15,BABA,0.0,1.0,0.0
2020-12-15,DIS,0.0,0.0,1.0
2020-12-15,FB,0.0,1.0,0.0
2020-12-15,MCD,0.0,1.0,0.0
2020-12-15,MSFT,0.0,0.0,1.0
2020-12-15,PFE,0.125,0.25,0.625
2020-12-15,PYPL,1.0,0.0,0.0
2020-12-15,TSLA,0.4166666666666667,0.3333333333333333,0.25
2020-12-16,AAPL,0.0,0.0,1.0
2020-12-16,ABNB,0.2,0.0,0.8
2020-12-16,AMZN,0.0,0.0,1.0
2020-12-16,BA,0.0,0.0,1.0
2020-12-16,DIS,0.0,0.5,0.5
2020-12-16,LOW,0.0,1.0,0.0
2020-12-16,NFLX,0.0,0.0,1.0
2020-12-16,NKE,1.0,0.0,0.0
2020-12-16,PFE,0.25,0.0,0.75
2020-12-16,TSLA,0.2222222222222222,0.3333333333333333,0.4444444444444444
2020-12-16,V,0.0,1.0,0.0
2020-12-17,AAPL,0.5,0.5,0.0
2020-12-17,ABNB,0.0,0.3333333333333333,0.6666666666666666
2020-12-17,AMZN,0.0,0.0,1.0
2020-12-17,BA,0.0,0.0,1.0
2020-12-17,BABA,0.0,1.0,0.0
2020-12-17,FB,1.0,0.0,0.0
2020-12-17,HD,0.0,1.0,0.0
2020-12-17,PFE,0.0,0.25,0.75
2020-12-17,TSLA,0.125,0.375,0.5
2020-12-18,AAPL,0.0,0.4,0.6
2020-12-18,ABNB,0.0,0.0,1.0
2020-12-18,AMZN,0.5,0.0,0.5
2020-12-18,BA,0.0,0.0,1.0
2020-12-18,CCL,1.0,0.0,0.0
2020-12-18,FB,0.5,0.0,0.5
2020-12-18,PFE,0.0,0.0,1.0
2020-12-18,PYPL,0.0,1.0,0.0
2020-12-18,TSLA,0.13043478260869565,0.21739130434782608,0.6521739130434783
2020-12-18,WMT,0.0,0.0,1.0
2020-12-21,AAPL,0.2727272727272727,0.18181818181818182,0.5454545454545454
2020-12-21,ABNB,0.0,1.0,0.0
2020-12-21,TSLA,0.09090909090909091,0.09090909090909091,0.8181818181818182
2020-12-22,AAPL,0.15,0.4,0.45
2020-12-22,ABNB,1.0,0.0,0.0
2020-12-22,AMZN,0.3333333333333333,0.0,0.6666666666666666
2020-12-22,BA,0.5,0.0,0.5
2020-12-22,BABA,0.0,0.5,0.5
2020-12-22,FB,0.5,0.0,0.5
2020-12-22,PFE,0.0,0.75,0.25
2020-12-22,TSLA,0.08571428571428572,0.22857142857142856,0.6857142857142857
2020-12-22,WMT,0.0,0.0,1.0
2020-12-23,AAPL,0.3333333333333333,0.0,0.6666666666666666
2020-12-23,ABNB,0.0,0.0,1.0
2020-12-23,AMZN,0.0,0.0,1.0
2020-12-23,BA,0.0,0.0,1.0
2020-12-23,BABA,0.0,0.0,1.0
2020-12-23,FB,1.0,0.0,0.0
2020-12-23,HD,0.0,1.0,0.0
2020-12-23,MSFT,0.0,0.5,0.5
2020-12-23,PFE,0.0,0.0,1.0
2020-12-23,SBUX,0.0,1.0,0.0
2020-12-23,TSLA,0.07142857142857142,0.21428571428571427,0.7142857142857143
2020-12-24,AAPL,1.0,0.0,0.0
2020-12-24,ABNB,0.0,0.0,1.0
2020-12-24,AMZN,0.0,1.0,0.0
2020-12-24,BABA,0.07142857142857142,0.0,0.9285714285714286
2020-12-24,GOOG,0.0,1.0,0.0
2020-12-24,HD,0.0,0.0,1.0
2020-12-24,PFE,0.0,1.0,0.0
2020-12-24,TSLA,0.0625,0.375,0.5625
2020-12-28,AAPL,0.0,0.0,1.0
2020-12-28,ABNB,1.0,0.0,0.0
2020-12-28,BABA,0.0,0.0,1.0
2020-12-29,AAPL,0.5,0.5,0.0
2020-12-29,ABNB,0.0,0.0,1.0
2020-12-29,AMZN,0.0,0.25,0.75
2020-12-29,BA,0.3333333333333333,0.0,0.6666666666666666
2020-12-29,BABA,0.0,0.3076923076923077,0.6923076923076923
2020-12-29,HD,0.0,0.0,1.0
2020-12-29,MCD,0.0,0.0,1.0
2020-12-29,MSFT,0.0,0.0,1.0
2020-12-29,PFE,0.0,1.0,0.0
2020-12-29,TSLA,0.3,0.1,0.6
2020-12-29,V,0.0,0.0,1.0
2020-12-30,AAPL,0.0,1.0,0.0
2020-12-30,AMZN,0.0,1.0,0.0
2020-12-30,BABA,0.14285714285714285,0.42857142857142855,0.42857142857142855
2020-12-30,DIS,0.4,0.4,0.2
2020-12-30,FB,0.0,0.5,0.5
2020-12-30,JNJ,0.0,1.0,0.0
2020-12-30,NVDA,0.0,0.0,1.0
2020-12-30,PFE,0.0,0.0,1.0
2020-12-30,TSLA,0.2857142857142857,0.21428571428571427,0.5
2020-12-30,WMT,0.0,1.0,0.0
2020-12-31,AAPL,0.0,0.3333333333333333,0.6666666666666666
2020-12-31,ABNB,0.5,0.0,0.5
2020-12-31,AMZN,0.0,0.0,1.0
2020-12-31,BA,0.0,1.0,0.0
2020-12-31,BABA,0.0,0.0,1.0
2020-12-31,CCL,0.0,0.0,1.0
2020-12-31,FB,0.0,0.0,1.0
2020-12-31,HD,0.0,0.0,1.0
2020-12-31,JNJ,0.0,1.0,0.0
2020-12-31,MSFT,0.0,0.0,1.0
2020-12-31,NVDA,0.5,0.5,0.0
2020-12-31,PFE,0.5,0.0,0.5
2020-12-31,TSLA,0.13043478260869565,0.21739130434782608,0.6521739130434783
